park_id,season,pa
ANA01,1966,6142
ANA01,1967,6052
ANA01,1968,5993
ANA01,1969,6026
ANA01,1970,6080
ANA01,1971,6023
ANA01,1972,5874
ANA01,1973,6117
ANA01,1974,6046
ANA01,1975,6241
ANA01,1976,6144
ANA01,1977,6073
ANA01,1978,6216
ANA01,1979,6215
ANA01,1980,6332
ANA01,1981,4104
ANA01,1982,6255
ANA01,1983,6316
ANA01,1984,6110
ANA01,1985,6044
ANA01,1986,6093
ANA01,1987,6295
ANA01,1988,6186
ANA01,1989,6073
ANA01,1990,6227
ANA01,1991,6009
ANA01,1992,6055
ANA01,1993,6203
ANA01,1994,4991
ANA01,1995,5593
ANA01,1996,6401
ANA01,1997,6531
ANA01,1998,6236
ANA01,1999,6230
ANA01,2000,6380
ANA01,2001,6277
ANA01,2002,6192
ANA01,2003,6166
ANA01,2004,6317
ANA01,2005,6115
ANA01,2006,6177
ANA01,2007,6245
ANA01,2008,6114
ANA01,2009,6241
ANA01,2010,6212
ANA01,2011,6063
ANA01,2012,5917
ANA01,2013,6295
ANA01,2014,6251
ANA01,2015,6016
ANA01,2016,6056
ANA01,2017,6025
ANA01,2018,6070
ANA01,2019,6179
ANA01,2020,2400
ANA01,2021,6193
ANA01,2022,6034
ANA01,2023,6209
ANA01,2024,6092
ANA01,2025,6136
ARL01,1972,5778
ARL01,1973,6259
ARL01,1974,6108
ARL01,1975,6200
ARL01,1976,6252
ARL01,1977,6236
ARL01,1978,6109
ARL01,1979,6189
ARL01,1980,6265
ARL01,1981,4165
ARL01,1982,6078
ARL01,1983,6155
ARL01,1984,6223
ARL01,1985,6047
ARL01,1986,6131
ARL01,1987,6423
ARL01,1988,6197
ARL01,1989,6154
ARL01,1990,6289
ARL01,1991,6337
ARL01,1992,6282
ARL01,1993,6114
ARL02,1994,4988
ARL02,1995,5652
ARL02,1996,6426
ARL02,1997,6355
ARL02,1998,6427
ARL02,1999,6388
ARL02,2000,6534
ARL02,2001,6561
ARL02,2002,6443
ARL02,2003,6399
ARL02,2004,6361
ARL02,2005,6328
ARL02,2006,6328
ARL02,2007,6304
ARL02,2008,6545
ARL02,2009,6189
ARL02,2010,6307
ARL02,2011,6235
ARL02,2012,6233
ARL02,2013,6073
ARL02,2014,6129
ARL02,2015,6294
ARL02,2016,6163
ARL02,2017,6293
ARL02,2018,6333
ARL02,2019,6436
ARL03,2020,2242
ARL03,2021,6029
ARL03,2022,6128
ARL03,2023,6185
ARL03,2024,5989
ARL03,2025,5962
ATL01,1966,6221
ATL01,1967,6046
ATL01,1968,5984
ATL01,1969,6061
ATL01,1970,6142
ATL01,1971,6457
ATL01,1972,6023
ATL01,1973,6424
ATL01,1974,6216
ATL01,1975,6159
ATL01,1976,6294
ATL01,1977,6398
ATL01,1978,6210
ATL01,1979,6170
ATL01,1980,5933
ATL01,1981,3817
ATL01,1982,6184
ATL01,1983,6092
ATL01,1984,6179
ATL01,1985,6493
ATL01,1986,6199
ATL01,1987,6382
ATL01,1988,6179
ATL01,1989,6116
ATL01,1990,6266
ATL01,1991,6176
ATL01,1992,6061
ATL01,1993,6162
ATL01,1994,4163
ATL01,1995,5410
ATL01,1996,6213
ATL02,1997,6206
ATL02,1998,6078
ATL02,1999,6131
ATL02,2000,6224
ATL02,2001,6089
ATL02,2002,6090
ATL02,2003,6226
ATL02,2004,6283
ATL02,2005,6214
ATL02,2006,6283
ATL02,2007,6256
ATL02,2008,6460
ATL02,2009,6291
ATL02,2010,6117
ATL02,2011,6223
ATL02,2012,6065
ATL02,2013,6011
ATL02,2014,6051
ATL02,2015,6105
ATL02,2016,6268
ATL03,2017,6253
ATL03,2018,6233
ATL03,2019,6199
ATL03,2020,2314
ATL03,2021,5991
ATL03,2022,6016
ATL03,2023,6150
ATL03,2024,6019
ATL03,2025,6152
BAL11,1954,5975
BAL11,1955,6068
BAL11,1956,5778
BAL11,1957,5896
BAL11,1958,5719
BAL11,1959,5873
BAL11,1960,5869
BAL11,1961,6081
BAL11,1962,6216
BAL11,1963,6056
BAL11,1964,6131
BAL11,1965,5886
BAL11,1966,6019
BAL11,1967,5772
BAL11,1968,5883
BAL11,1969,6113
BAL11,1970,6176
BAL11,1971,5807
BAL11,1972,5576
BAL11,1973,6140
BAL11,1974,6138
BAL11,1975,5814
BAL11,1976,5994
BAL11,1977,6125
BAL11,1978,5944
BAL11,1979,5835
BAL11,1980,6158
BAL11,1981,4146
BAL11,1982,6179
BAL11,1983,6103
BAL11,1984,6115
BAL11,1985,6289
BAL11,1986,6049
BAL11,1987,6247
BAL11,1988,6106
BAL11,1989,6215
BAL11,1990,6117
BAL11,1991,6194
BAL12,1992,6226
BAL12,1993,6334
BAL12,1994,4230
BAL12,1995,5439
BAL12,1996,6472
BAL12,1997,6196
BAL12,1998,6169
BAL12,1999,6369
BAL12,2000,6226
BAL12,2001,6089
BAL12,2002,6190
BAL12,2003,6281
BAL12,2004,6465
BAL12,2005,6199
BAL12,2006,6298
BAL12,2007,6421
BAL12,2008,6294
BAL12,2009,6360
BAL12,2010,6294
BAL12,2011,6295
BAL12,2012,6242
BAL12,2013,6092
BAL12,2014,6095
BAL12,2015,5923
BAL12,2016,6028
BAL12,2017,6316
BAL12,2018,6179
BAL12,2019,6322
BAL12,2020,2432
BAL12,2021,6186
BAL12,2022,6041
BAL12,2023,5979
BAL12,2024,6132
BAL12,2025,6093
BIR01,2024,73
BOS05,1910,5956
BOS05,1911,6146
BOS05,1912,6333
BOS05,1913,5483
BOS05,1914,3729
BOS06,1910,5909
BOS06,1911,5706
BOS07,1912,5836
BOS07,1913,6095
BOS07,1914,7851
BOS07,1915,9389
BOS07,1916,5611
BOS07,1917,5892
BOS07,1918,4929
BOS07,1919,4918
BOS07,1920,5871
BOS07,1921,5855
BOS07,1922,5653
BOS07,1923,6066
BOS07,1924,6151
BOS07,1925,5926
BOS07,1926,5991
BOS07,1927,6113
BOS07,1928,5655
BOS07,1929,4706
BOS07,1930,4237
BOS07,1931,4890
BOS07,1932,5623
BOS07,1933,5733
BOS07,1934,6201
BOS07,1935,6336
BOS07,1936,6066
BOS07,1937,5877
BOS07,1938,5913
BOS07,1939,6039
BOS07,1940,6426
BOS07,1941,6153
BOS07,1942,5913
BOS07,1943,5997
BOS07,1944,6025
BOS07,1945,5940
BOS07,1946,6305
BOS07,1947,6377
BOS07,1948,6092
BOS07,1949,6120
BOS07,1950,6339
BOS07,1951,5963
BOS07,1952,6018
BOS07,1953,5978
BOS07,1954,6295
BOS07,1955,6286
BOS07,1956,6262
BOS07,1957,6029
BOS07,1958,6025
BOS07,1959,6118
BOS07,1960,6115
BOS07,1961,6456
BOS07,1962,6215
BOS07,1963,6150
BOS07,1964,6247
BOS07,1965,6254
BOS07,1966,6343
BOS07,1967,6154
BOS07,1968,6021
BOS07,1969,6392
BOS07,1970,6322
BOS07,1971,6175
BOS07,1972,5934
BOS07,1973,6170
BOS07,1974,6248
BOS07,1975,6234
BOS07,1976,6211
BOS07,1977,6176
BOS07,1978,6251
BOS07,1979,6147
BOS07,1980,6288
BOS07,1981,4191
BOS07,1982,6298
BOS07,1983,6322
BOS07,1984,6378
BOS07,1985,6242
BOS07,1986,6203
BOS07,1987,6250
BOS07,1988,6297
BOS07,1989,6358
BOS07,1990,6227
BOS07,1991,6342
BOS07,1992,6243
BOS07,1993,6332
BOS07,1994,5055
BOS07,1995,5671
BOS07,1996,6660
BOS07,1997,6472
BOS07,1998,6228
BOS07,1999,6217
BOS07,2000,6277
BOS07,2001,6304
BOS07,2002,6141
BOS07,2003,6452
BOS07,2004,6403
BOS07,2005,6308
BOS07,2006,6324
BOS07,2007,6272
BOS07,2008,6312
BOS07,2009,6166
BOS07,2010,6319
BOS07,2011,6410
BOS07,2012,6330
BOS07,2013,6198
BOS07,2014,6267
BOS07,2015,6241
BOS07,2016,6275
BOS07,2017,6333
BOS07,2018,6220
BOS07,2019,6243
BOS07,2020,2482
BOS07,2021,6212
BOS07,2022,6196
BOS07,2023,6271
BOS07,2024,6200
BOS07,2025,6195
BOS08,1915,1801
BOS08,1916,5779
BOS08,1917,5621
BOS08,1918,3955
BOS08,1919,5235
BOS08,1920,5736
BOS08,1921,5719
BOS08,1922,5733
BOS08,1923,6068
BOS08,1924,5885
BOS08,1925,5802
BOS08,1926,5815
BOS08,1927,5803
BOS08,1928,6141
BOS08,1929,7368
BOS08,1930,7445
BOS08,1931,7152
BOS08,1932,6261
BOS08,1933,5710
BOS08,1934,5678
BOS08,1935,5810
BOS08,1936,6080
BOS08,1937,5622
BOS08,1938,5621
BOS08,1939,5628
BOS08,1940,5846
BOS08,1941,5879
BOS08,1942,5463
BOS08,1943,5906
BOS08,1944,5899
BOS08,1945,6084
BOS08,1946,5739
BOS08,1947,5827
BOS08,1948,5814
BOS08,1949,6025
BOS08,1950,5989
BOS08,1951,5967
BOS08,1952,5857
BST01,2025,78
BUF05,2020,2006
BUF05,2021,1735
CHI08,1910,5630
CHI08,1911,6354
CHI08,1912,5910
CHI08,1913,5710
CHI08,1914,5629
CHI08,1915,5769
CHI09,1910,2087
CHI10,1910,3651
CHI10,1911,5814
CHI10,1912,5797
CHI10,1913,5568
CHI10,1914,5828
CHI10,1915,5855
CHI10,1916,5700
CHI10,1917,5848
CHI10,1918,4233
CHI10,1919,5196
CHI10,1920,5922
CHI10,1921,6247
CHI10,1922,6036
CHI10,1923,5890
CHI10,1924,6187
CHI10,1925,6005
CHI10,1926,5992
CHI10,1927,5764
CHI10,1928,6044
CHI10,1929,5921
CHI10,1930,6213
CHI10,1931,6044
CHI10,1932,6059
CHI10,1933,6266
CHI10,1934,6007
CHI10,1935,6104
CHI10,1936,6167
CHI10,1937,5818
CHI10,1938,5700
CHI10,1939,5945
CHI10,1940,6003
CHI10,1941,6067
CHI10,1942,5242
CHI10,1943,5893
CHI10,1944,5900
CHI10,1945,5594
CHI10,1946,6044
CHI10,1947,5711
CHI10,1948,5932
CHI10,1949,5976
CHI10,1950,6084
CHI10,1951,6106
CHI10,1952,6046
CHI10,1953,5996
CHI10,1954,5923
CHI10,1955,5850
CHI10,1956,6111
CHI10,1957,5864
CHI10,1958,5835
CHI10,1959,5943
CHI10,1960,5901
CHI10,1961,6175
CHI10,1962,6202
CHI10,1963,6215
CHI10,1964,6152
CHI10,1965,6085
CHI10,1966,5939
CHI10,1967,6098
CHI10,1968,5309
CHI10,1969,5391
CHI10,1970,6534
CHI10,1971,6094
CHI10,1972,5749
CHI10,1973,6218
CHI10,1974,6218
CHI10,1975,6413
CHI10,1976,6221
CHI10,1977,6256
CHI10,1978,6024
CHI10,1979,5998
CHI10,1980,6077
CHI10,1981,3738
CHI10,1982,6125
CHI10,1983,6014
CHI10,1984,6223
CHI10,1985,6133
CHI10,1986,6072
CHI10,1987,6254
CHI10,1988,6237
CHI10,1989,6007
CHI10,1990,6019
CHI11,1916,5988
CHI11,1917,5704
CHI11,1918,5535
CHI11,1919,5171
CHI11,1920,5914
CHI11,1921,6019
CHI11,1922,5838
CHI11,1923,5959
CHI11,1924,5858
CHI11,1925,6013
CHI11,1926,5859
CHI11,1927,6059
CHI11,1928,5888
CHI11,1929,6087
CHI11,1930,6632
CHI11,1931,5993
CHI11,1932,5946
CHI11,1933,5839
CHI11,1934,5809
CHI11,1935,5965
CHI11,1936,5979
CHI11,1937,6034
CHI11,1938,5943
CHI11,1939,6153
CHI11,1940,6014
CHI11,1941,5872
CHI11,1942,6118
CHI11,1943,5831
CHI11,1944,6065
CHI11,1945,5626
CHI11,1946,5912
CHI11,1947,6118
CHI11,1948,5948
CHI11,1949,5884
CHI11,1950,6132
CHI11,1951,5825
CHI11,1952,5869
CHI11,1953,6021
CHI11,1954,6031
CHI11,1955,5812
CHI11,1956,6176
CHI11,1957,5946
CHI11,1958,5938
CHI11,1959,5908
CHI11,1960,6081
CHI11,1961,6029
CHI11,1962,6325
CHI11,1963,5971
CHI11,1964,6154
CHI11,1965,6358
CHI11,1966,6377
CHI11,1967,6327
CHI11,1968,6102
CHI11,1969,6280
CHI11,1970,6320
CHI11,1971,6187
CHI11,1972,5968
CHI11,1973,6126
CHI11,1974,6450
CHI11,1975,6534
CHI11,1976,6282
CHI11,1977,6429
CHI11,1978,6486
CHI11,1979,6295
CHI11,1980,6316
CHI11,1981,4490
CHI11,1982,6302
CHI11,1983,6132
CHI11,1984,6103
CHI11,1985,6349
CHI11,1986,6343
CHI11,1987,6258
CHI11,1988,6315
CHI11,1989,6149
CHI11,1990,6372
CHI11,1991,6404
CHI11,1992,6266
CHI11,1993,6246
CHI11,1994,4587
CHI11,1995,5596
CHI11,1996,6275
CHI11,1997,6234
CHI11,1998,6378
CHI11,1999,6378
CHI11,2000,6285
CHI11,2001,6119
CHI11,2002,6206
CHI11,2003,6253
CHI11,2004,6360
CHI11,2005,6206
CHI11,2006,6243
CHI11,2007,6346
CHI11,2008,6279
CHI11,2009,6148
CHI11,2010,6303
CHI11,2011,6199
CHI11,2012,6105
CHI11,2013,6183
CHI11,2014,6140
CHI11,2015,6042
CHI11,2016,6099
CHI11,2017,6257
CHI11,2018,6199
CHI11,2019,6129
CHI11,2020,2328
CHI11,2021,6104
CHI11,2022,6072
CHI11,2023,6154
CHI11,2024,5920
CHI11,2025,5862
CHI12,1991,6215
CHI12,1992,6274
CHI12,1993,6170
CHI12,1994,4086
CHI12,1995,5699
CHI12,1996,6350
CHI12,1997,6192
CHI12,1998,6272
CHI12,1999,6318
CHI12,2000,6349
CHI12,2001,6260
CHI12,2002,6126
CHI12,2003,6053
CHI12,2004,6428
CHI12,2005,6098
CHI12,2006,6349
CHI12,2007,6202
CHI12,2008,6257
CHI12,2009,6160
CHI12,2010,6144
CHI12,2011,6179
CHI12,2012,6180
CHI12,2013,6118
CHI12,2014,6222
CHI12,2015,6208
CHI12,2016,6065
CHI12,2017,6123
CHI12,2018,6192
CHI12,2019,6034
CHI12,2020,2221
CHI12,2021,5837
CHI12,2022,6175
CHI12,2023,6207
CHI12,2024,6117
CHI12,2025,6046
CIN06,1910,5844
CIN06,1911,6138
CIN07,1912,5769
CIN07,1913,5770
CIN07,1914,5636
CIN07,1915,5857
CIN07,1916,5644
CIN07,1917,5830
CIN07,1918,5277
CIN07,1919,4976
CIN07,1920,5698
CIN07,1921,5792
CIN07,1922,5865
CIN07,1923,5885
CIN07,1924,5767
CIN07,1925,5743
CIN07,1926,5769
CIN07,1927,6026
CIN07,1928,5873
CIN07,1929,6022
CIN07,1930,5859
CIN07,1931,5849
CIN07,1932,5935
CIN07,1933,5914
CIN07,1934,6156
CIN07,1935,5770
CIN07,1936,5923
CIN07,1937,6001
CIN07,1938,5869
CIN07,1939,6129
CIN07,1940,5760
CIN07,1941,6056
CIN07,1942,5923
CIN07,1943,5847
CIN07,1944,5744
CIN07,1945,5918
CIN07,1946,5734
CIN07,1947,5893
CIN07,1948,5921
CIN07,1949,6001
CIN07,1950,5842
CIN07,1951,5908
CIN07,1952,5853
CIN07,1953,6019
CIN07,1954,6118
CIN07,1955,5915
CIN07,1956,5949
CIN07,1957,6146
CIN07,1958,5957
CIN07,1959,5952
CIN07,1960,5892
CIN07,1961,5805
CIN07,1962,6164
CIN07,1963,6032
CIN07,1964,6189
CIN07,1965,6309
CIN07,1966,6043
CIN07,1967,6117
CIN07,1968,6528
CIN07,1969,6263
CIN07,1970,2779
CIN08,1970,3460
CIN08,1971,5894
CIN08,1972,5747
CIN08,1973,6152
CIN08,1974,6196
CIN08,1975,6316
CIN08,1976,6359
CIN08,1977,6218
CIN08,1978,6154
CIN08,1979,5986
CIN08,1980,6077
CIN08,1981,4121
CIN08,1982,6241
CIN08,1983,6141
CIN08,1984,6385
CIN08,1985,6206
CIN08,1986,6260
CIN08,1987,6221
CIN08,1988,6074
CIN08,1989,6243
CIN08,1990,6084
CIN08,1991,6182
CIN08,1992,6050
CIN08,1993,6133
CIN08,1994,4654
CIN08,1995,5460
CIN08,1996,6211
CIN08,1997,6210
CIN08,1998,6207
CIN08,1999,6232
CIN08,2000,6433
CIN08,2001,6340
CIN08,2002,6342
CIN09,2003,6302
CIN09,2004,6253
CIN09,2005,6451
CIN09,2006,6322
CIN09,2007,6399
CIN09,2008,6269
CIN09,2009,6218
CIN09,2010,6222
CIN09,2011,6224
CIN09,2012,6056
CIN09,2013,6155
CIN09,2014,6021
CIN09,2015,6366
CIN09,2016,6196
CIN09,2017,6224
CIN09,2018,6373
CIN09,2019,5940
CIN09,2020,2102
CIN09,2021,6264
CIN09,2022,6109
CIN09,2023,6233
CIN09,2024,6091
CIN09,2025,5963
CLE06,1910,5978
CLE06,1911,5871
CLE06,1912,5698
CLE06,1913,5870
CLE06,1914,6047
CLE06,1915,5942
CLE06,1916,5853
CLE06,1917,5864
CLE06,1918,4638
CLE06,1919,5247
CLE06,1920,6022
CLE06,1921,6025
CLE06,1922,6345
CLE06,1923,6216
CLE06,1924,5931
CLE06,1925,6205
CLE06,1926,6192
CLE06,1927,5963
CLE06,1928,6114
CLE06,1929,5972
CLE06,1930,6225
CLE06,1931,6074
CLE06,1932,3751
CLE06,1934,6127
CLE06,1935,5923
CLE06,1936,6423
CLE06,1937,5011
CLE06,1938,4600
CLE06,1939,3689
CLE06,1940,2529
CLE06,1941,3511
CLE06,1942,2650
CLE06,1943,2245
CLE06,1944,2912
CLE06,1945,2385
CLE06,1946,2790
CLE07,1932,2412
CLE07,1933,5909
CLE07,1936,133
CLE07,1937,1095
CLE07,1938,1355
CLE07,1939,2306
CLE07,1940,3528
CLE07,1941,2400
CLE07,1942,3503
CLE07,1943,3660
CLE07,1944,3353
CLE07,1945,3388
CLE07,1946,2979
CLE07,1947,5909
CLE07,1948,6003
CLE07,1949,5912
CLE07,1950,5913
CLE07,1951,5803
CLE07,1952,5877
CLE07,1953,5839
CLE07,1954,5819
CLE07,1955,6005
CLE07,1956,5793
CLE07,1957,5983
CLE07,1958,5698
CLE07,1959,5786
CLE07,1960,5926
CLE07,1961,6312
CLE07,1962,6063
CLE07,1963,6227
CLE07,1964,6274
CLE07,1965,6181
CLE07,1966,6101
CLE07,1967,5992
CLE07,1968,5879
CLE07,1969,6240
CLE07,1970,6303
CLE07,1971,6330
CLE07,1972,5710
CLE07,1973,6209
CLE07,1974,6005
CLE07,1975,6195
CLE07,1976,6110
CLE07,1977,6206
CLE07,1978,5880
CLE07,1979,6263
CLE07,1980,6161
CLE07,1981,4041
CLE07,1982,6304
CLE07,1983,6264
CLE07,1984,6410
CLE07,1985,6144
CLE07,1986,6301
CLE07,1987,6417
CLE07,1988,6108
CLE07,1989,6224
CLE07,1990,6137
CLE07,1991,6192
CLE07,1992,6363
CLE07,1993,6201
CLE08,1994,4130
CLE08,1995,5541
CLE08,1996,6347
CLE08,1997,6281
CLE08,1998,6468
CLE08,1999,6504
CLE08,2000,6498
CLE08,2001,6275
CLE08,2002,6187
CLE08,2003,6172
CLE08,2004,6410
CLE08,2005,6039
CLE08,2006,6178
CLE08,2007,5958
CLE08,2008,6294
CLE08,2009,6314
CLE08,2010,6178
CLE08,2011,6171
CLE08,2012,6318
CLE08,2013,6113
CLE08,2014,6188
CLE08,2015,6073
CLE08,2016,6142
CLE08,2017,6006
CLE08,2018,6188
CLE08,2019,5992
CLE08,2020,2213
CLE08,2021,5805
CLE08,2022,6060
CLE08,2023,6083
CLE08,2024,5894
CLE08,2025,5958
DEN01,1993,6462
DEN01,1994,4532
DEN02,1995,5866
DEN02,1996,6688
DEN02,1997,6558
DEN02,1998,6528
DEN02,1999,6776
DEN02,2000,6688
DEN02,2001,6518
DEN02,2002,6381
DEN02,2003,6428
DEN02,2004,6630
DEN02,2005,6512
DEN02,2006,6433
DEN02,2007,6334
DEN02,2008,6368
DEN02,2009,6296
DEN02,2010,6310
DEN02,2011,6368
DEN02,2012,6504
DEN02,2013,6357
DEN02,2014,6425
DEN02,2015,6366
DEN02,2016,6439
DEN02,2017,6234
DEN02,2018,6220
DEN02,2019,6556
DEN02,2020,2341
DEN02,2021,6178
DEN02,2022,6345
DEN02,2023,6388
DEN02,2024,6145
DEN02,2025,6393
DET02,1910,5786
DET02,1911,6042
DET04,1912,5779
DET04,1913,5801
DET04,1914,5910
DET04,1915,5885
DET04,1916,5909
DET04,1917,5765
DET04,1918,4489
DET04,1919,5318
DET04,1920,6074
DET04,1921,6355
DET04,1922,6072
DET04,1923,5970
DET04,1924,6197
DET04,1925,6161
DET04,1926,6357
DET04,1927,6242
DET04,1928,6005
DET04,1929,6271
DET04,1930,6104
DET04,1931,6188
DET04,1932,6227
DET04,1933,6174
DET04,1934,6316
DET04,1935,6258
DET04,1936,6119
DET04,1937,6204
DET04,1938,6171
DET04,1939,6172
DET04,1940,6288
DET04,1941,6114
DET04,1942,5894
DET04,1943,6148
DET04,1944,6022
DET04,1945,5785
DET04,1946,5974
DET04,1947,6102
DET04,1948,5974
DET04,1949,6151
DET04,1950,6203
DET04,1951,6133
DET04,1952,6004
DET04,1953,6316
DET04,1954,5869
DET04,1955,5883
DET04,1956,6069
DET04,1957,6020
DET04,1958,5779
DET04,1959,5947
DET04,1960,5927
DET04,1961,6204
DET04,1962,6469
DET04,1963,6278
DET04,1964,6109
DET04,1965,6041
DET04,1966,6148
DET04,1967,6163
DET04,1968,5973
DET04,1969,6126
DET04,1970,6206
DET04,1971,6099
DET04,1972,5758
DET04,1973,6232
DET04,1974,6281
DET04,1975,6053
DET04,1976,6106
DET04,1977,6183
DET04,1978,6294
DET04,1979,6062
DET04,1980,6412
DET04,1981,4134
DET04,1982,6166
DET04,1983,6073
DET04,1984,6219
DET04,1985,6239
DET04,1986,6168
DET04,1987,6205
DET04,1988,6042
DET04,1989,6218
DET04,1990,6179
DET04,1991,6363
DET04,1992,6268
DET04,1993,6347
DET04,1994,4624
DET04,1995,5629
DET04,1996,6422
DET04,1997,6210
DET04,1998,6321
DET04,1999,6205
DET05,2000,6301
DET05,2001,6242
DET05,2002,6060
DET05,2003,6298
DET05,2004,6272
DET05,2005,6213
DET05,2006,6224
DET05,2007,6369
DET05,2008,6345
DET05,2009,6140
DET05,2010,6275
DET05,2011,6119
DET05,2012,6114
DET05,2013,6186
DET05,2014,6069
DET05,2015,6207
DET05,2016,5984
DET05,2017,6367
DET05,2018,6090
DET05,2019,6326
DET05,2020,1955
DET05,2021,6049
DET05,2022,6091
DET05,2023,6151
DET05,2024,5891
DET05,2025,6091
DUN01,2021,1684
DYE01,2021,79
DYE01,2022,78
FTB01,2016,79
HON01,1997,214
HOU01,1962,6234
HOU01,1963,5904
HOU01,1964,5864
HOU02,1965,6097
HOU02,1966,6198
HOU02,1967,6225
HOU02,1968,6128
HOU02,1969,6191
HOU02,1970,6212
HOU02,1971,6031
HOU02,1972,6051
HOU02,1973,6137
HOU02,1974,6169
HOU02,1975,6224
HOU02,1976,6127
HOU02,1977,6094
HOU02,1978,6033
HOU02,1979,6008
HOU02,1980,6161
HOU02,1981,3703
HOU02,1982,6068
HOU02,1983,6135
HOU02,1984,6145
HOU02,1985,6217
HOU02,1986,5990
HOU02,1987,6145
HOU02,1988,6046
HOU02,1989,6379
HOU02,1990,6092
HOU02,1991,6220
HOU02,1992,6298
HOU02,1993,5997
HOU02,1994,4499
HOU02,1995,5675
HOU02,1996,6313
HOU02,1997,6136
HOU02,1998,6303
HOU02,1999,6290
HOU03,2000,6477
HOU03,2001,6262
HOU03,2002,6280
HOU03,2003,6115
HOU03,2004,6184
HOU03,2005,5994
HOU03,2006,6252
HOU03,2007,6416
HOU03,2008,5906
HOU03,2009,6156
HOU03,2010,6074
HOU03,2011,6287
HOU03,2012,6168
HOU03,2013,6317
HOU03,2014,6114
HOU03,2015,5924
HOU03,2016,6188
HOU03,2017,5842
HOU03,2018,5981
HOU03,2019,6171
HOU03,2020,2009
HOU03,2021,6190
HOU03,2022,5856
HOU03,2023,6158
HOU03,2024,6074
HOU03,2025,5995
JER02,1956,487
JER02,1957,586
KAN05,1955,6028
KAN05,1956,6078
KAN05,1957,5788
KAN05,1958,5910
KAN05,1959,5955
KAN05,1960,5965
KAN05,1961,6271
KAN05,1962,6471
KAN05,1963,6165
KAN05,1964,6291
KAN05,1965,6152
KAN05,1966,5992
KAN05,1967,6056
KAN05,1969,6313
KAN05,1970,6067
KAN05,1971,6004
KAN05,1972,5877
KAN06,1973,6481
KAN06,1974,6413
KAN06,1975,6098
KAN06,1976,6115
KAN06,1977,6202
KAN06,1978,5989
KAN06,1979,6457
KAN06,1980,6271
KAN06,1981,3571
KAN06,1982,6170
KAN06,1983,6213
KAN06,1984,6065
KAN06,1985,6279
KAN06,1986,6173
KAN06,1987,6111
KAN06,1988,6072
KAN06,1989,6004
KAN06,1990,6176
KAN06,1991,6371
KAN06,1992,6085
KAN06,1993,6234
KAN06,1994,4584
KAN06,1995,5520
KAN06,1996,6199
KAN06,1997,6331
KAN06,1998,6325
KAN06,1999,6366
KAN06,2000,6495
KAN06,2001,6352
KAN06,2002,6496
KAN06,2003,6341
KAN06,2004,6139
KAN06,2005,6279
KAN06,2006,6422
KAN06,2007,6188
KAN06,2008,6156
KAN06,2009,6298
KAN06,2010,6298
KAN06,2011,6329
KAN06,2012,6211
KAN06,2013,6094
KAN06,2014,6040
KAN06,2015,5993
KAN06,2016,6265
KAN06,2017,6056
KAN06,2018,6222
KAN06,2019,6180
KAN06,2020,2234
KAN06,2021,6142
KAN06,2022,6141
KAN06,2023,6247
KAN06,2024,6029
KAN06,2025,5955
LAS01,1996,538
LBV01,2007,265
LBV01,2008,214
LON01,2019,193
LON01,2023,154
LON01,2024,159
LOS01,1958,5932
LOS01,1959,5894
LOS01,1960,5995
LOS01,1961,6053
LOS02,1961,6526
LOS03,1962,12565
LOS03,1963,12162
LOS03,1964,12004
LOS03,1965,11848
LOS03,1966,6003
LOS03,1967,6102
LOS03,1968,5957
LOS03,1969,6077
LOS03,1970,6183
LOS03,1971,6134
LOS03,1972,5495
LOS03,1973,6122
LOS03,1974,6093
LOS03,1975,6084
LOS03,1976,6074
LOS03,1977,6128
LOS03,1978,6146
LOS03,1979,6180
LOS03,1980,6017
LOS03,1981,4176
LOS03,1982,6207
LOS03,1983,6013
LOS03,1984,6195
LOS03,1985,6107
LOS03,1986,6062
LOS03,1987,6105
LOS03,1988,5994
LOS03,1989,6014
LOS03,1990,6145
LOS03,1991,6152
LOS03,1992,6063
LOS03,1993,6235
LOS03,1994,4137
LOS03,1995,5398
LOS03,1996,6051
LOS03,1997,6064
LOS03,1998,6026
LOS03,1999,6261
LOS03,2000,6182
LOS03,2001,6153
LOS03,2002,6069
LOS03,2003,5857
LOS03,2004,6119
LOS03,2005,6069
LOS03,2006,6334
LOS03,2007,6290
LOS03,2008,6055
LOS03,2009,6176
LOS03,2010,6154
LOS03,2011,6038
LOS03,2012,6042
LOS03,2013,5978
LOS03,2014,6085
LOS03,2015,5944
LOS03,2016,5916
LOS03,2017,5993
LOS03,2018,6052
LOS03,2019,6007
LOS03,2020,2196
LOS03,2021,5960
LOS03,2022,5978
LOS03,2023,6075
LOS03,2024,5962
LOS03,2025,6130
MEX02,2023,168
MEX02,2024,158
MIA01,1993,6329
MIA01,1994,4661
MIA01,1995,5558
MIA01,1996,6019
MIA01,1997,6251
MIA01,1998,6429
MIA01,1999,6327
MIA01,2000,6277
MIA01,2001,6074
MIA01,2002,6316
MIA01,2003,6164
MIA01,2004,5902
MIA01,2005,6190
MIA01,2006,6228
MIA01,2007,6620
MIA01,2008,6205
MIA01,2009,6455
MIA01,2010,6044
MIA01,2011,6036
MIA02,2012,6112
MIA02,2013,6086
MIA02,2014,6158
MIA02,2015,6068
MIA02,2016,5986
MIA02,2017,5984
MIA02,2018,6279
MIA02,2019,6203
MIA02,2020,1842
MIA02,2021,6043
MIA02,2022,6074
MIA02,2023,6071
MIA02,2024,6377
MIA02,2025,6117
MIL05,1953,5831
MIL05,1954,5780
MIL05,1955,5830
MIL05,1956,5792
MIL05,1957,5934
MIL05,1958,5650
MIL05,1959,5868
MIL05,1960,5747
MIL05,1961,5819
MIL05,1962,6116
MIL05,1963,6128
MIL05,1964,6122
MIL05,1965,6130
MIL05,1968,633
MIL05,1969,813
MIL05,1970,6233
MIL05,1971,6138
MIL05,1972,5862
MIL05,1973,6372
MIL05,1974,6138
MIL05,1975,6253
MIL05,1976,6152
MIL05,1977,6217
MIL05,1978,6092
MIL05,1979,6211
MIL05,1980,6219
MIL05,1981,3714
MIL05,1982,6177
MIL05,1983,6139
MIL05,1984,6056
MIL05,1985,6181
MIL05,1986,6148
MIL05,1987,6304
MIL05,1988,6086
MIL05,1989,6115
MIL05,1990,6162
MIL05,1991,6276
MIL05,1992,5942
MIL05,1993,6261
MIL05,1994,4478
MIL05,1995,5798
MIL05,1996,6465
MIL05,1997,6132
MIL05,1998,6311
MIL05,1999,6390
MIL05,2000,6479
MIL06,2001,6241
MIL06,2002,6177
MIL06,2003,6434
MIL06,2004,6299
MIL06,2005,6051
MIL06,2006,6160
MIL06,2007,6460
MIL06,2008,6352
MIL06,2009,6281
MIL06,2010,6339
MIL06,2011,6112
MIL06,2012,6264
MIL06,2013,6168
MIL06,2014,6019
MIL06,2015,6142
MIL06,2016,6105
MIL06,2017,6418
MIL06,2018,6086
MIL06,2019,6168
MIL06,2020,2090
MIL06,2021,6126
MIL06,2022,6077
MIL06,2023,6031
MIL06,2024,6016
MIL06,2025,6076
MIN02,1961,6269
MIN02,1962,6275
MIN02,1963,6200
MIN02,1964,6325
MIN02,1965,6156
MIN02,1966,5928
MIN02,1967,6031
MIN02,1968,5963
MIN02,1969,6101
MIN02,1970,6077
MIN02,1971,6049
MIN02,1972,5653
MIN02,1973,6258
MIN02,1974,6297
MIN02,1975,6419
MIN02,1976,6222
MIN02,1977,6251
MIN02,1978,6238
MIN02,1979,6274
MIN02,1980,6209
MIN02,1981,4599
MIN03,1982,6177
MIN03,1983,6301
MIN03,1984,6169
MIN03,1985,6372
MIN03,1986,6367
MIN03,1987,6191
MIN03,1988,6182
MIN03,1989,6276
MIN03,1990,6122
MIN03,1991,6219
MIN03,1992,6208
MIN03,1993,6331
MIN03,1994,4635
MIN03,1995,5631
MIN03,1996,6495
MIN03,1997,6297
MIN03,1998,6358
MIN03,1999,6312
MIN03,2000,6405
MIN03,2001,6156
MIN03,2002,6210
MIN03,2003,6323
MIN03,2004,6304
MIN03,2005,6071
MIN03,2006,6069
MIN03,2007,6165
MIN03,2008,6108
MIN03,2009,6273
MIN04,2010,6130
MIN04,2011,6133
MIN04,2012,6243
MIN04,2013,6193
MIN04,2014,6336
MIN04,2015,6077
MIN04,2016,6335
MIN04,2017,6352
MIN04,2018,5994
MIN04,2019,6370
MIN04,2020,2206
MIN04,2021,6115
MIN04,2022,6107
MIN04,2023,6103
MIN04,2024,6156
MIN04,2025,6190
MNT01,1996,246
MNT01,1999,83
MNT01,2018,220
MNT01,2019,315
MON01,1969,6251
MON01,1970,6234
MON01,1971,6138
MON01,1972,5911
MON01,1973,6343
MON01,1974,6154
MON01,1975,6436
MON01,1976,6082
MON02,1977,6327
MON02,1978,6003
MON02,1979,6086
MON02,1980,6068
MON02,1981,4242
MON02,1982,6217
MON02,1983,6231
MON02,1984,6052
MON02,1985,5962
MON02,1986,6149
MON02,1987,6222
MON02,1988,6212
MON02,1989,6216
MON02,1990,6062
MON02,1991,5105
MON02,1992,6040
MON02,1993,6169
MON02,1994,4011
MON02,1995,5467
MON02,1996,6193
MON02,1997,6179
MON02,1998,6121
MON02,1999,6258
MON02,2000,6211
MON02,2001,6199
MON02,2002,6245
MON02,2003,4493
MON02,2004,4542
NYC10,1910,5815
NYC12,1910,5996
NYC12,1911,5502
NYC12,1912,5718
NYC13,1910,5786
NYC13,1911,11458
NYC13,1912,5704
NYC14,1912,5778
NYC14,1913,11517
NYC14,1914,11458
NYC14,1915,11693
NYC14,1916,11568
NYC14,1917,11364
NYC14,1918,9152
NYC14,1919,10561
NYC14,1920,11657
NYC14,1921,11911
NYC14,1922,11977
NYC14,1923,5955
NYC14,1924,5734
NYC14,1925,5836
NYC14,1926,5703
NYC14,1927,5734
NYC14,1928,6018
NYC14,1929,6017
NYC14,1930,6010
NYC14,1931,5869
NYC14,1932,5953
NYC14,1933,5639
NYC14,1934,5646
NYC14,1935,6107
NYC14,1936,5897
NYC14,1937,5638
NYC14,1938,5567
NYC14,1939,5599
NYC14,1940,5823
NYC14,1941,6033
NYC14,1942,5930
NYC14,1943,6018
NYC14,1944,5888
NYC14,1945,6046
NYC14,1946,5865
NYC14,1947,5817
NYC14,1948,5871
NYC14,1949,6006
NYC14,1950,5706
NYC14,1951,5809
NYC14,1952,5794
NYC14,1953,5866
NYC14,1954,5760
NYC14,1955,6077
NYC14,1956,5676
NYC14,1957,5988
NYC14,1962,6443
NYC14,1963,6152
NYC15,1913,5832
NYC15,1914,5967
NYC15,1915,5760
NYC15,1916,5671
NYC15,1917,5920
NYC15,1918,3971
NYC15,1919,5340
NYC15,1920,5910
NYC15,1921,5938
NYC15,1922,6006
NYC15,1923,6053
NYC15,1924,5907
NYC15,1925,6010
NYC15,1926,5769
NYC15,1927,5598
NYC15,1928,5992
NYC15,1929,5938
NYC15,1930,5910
NYC15,1931,5764
NYC15,1932,6039
NYC15,1933,6070
NYC15,1934,6033
NYC15,1935,5883
NYC15,1936,6201
NYC15,1937,5914
NYC15,1938,5632
NYC15,1939,5950
NYC15,1940,6283
NYC15,1941,6023
NYC15,1942,5866
NYC15,1943,6033
NYC15,1944,6159
NYC15,1945,6114
NYC15,1946,6098
NYC15,1947,6095
NYC15,1948,6122
NYC15,1949,6016
NYC15,1950,6091
NYC15,1951,5897
NYC15,1952,6143
NYC15,1953,6011
NYC15,1954,5937
NYC15,1955,5898
NYC15,1956,5268
NYC15,1957,5464
NYC16,1923,5883
NYC16,1924,5965
NYC16,1925,6108
NYC16,1926,5805
NYC16,1927,5835
NYC16,1928,5780
NYC16,1929,6006
NYC16,1930,5907
NYC16,1931,6161
NYC16,1932,5958
NYC16,1933,5757
NYC16,1934,5904
NYC16,1935,5611
NYC16,1936,6066
NYC16,1937,6168
NYC16,1938,6095
NYC16,1939,5759
NYC16,1940,5797
NYC16,1941,5961
NYC16,1942,5789
NYC16,1943,5764
NYC16,1944,5992
NYC16,1945,5857
NYC16,1946,5803
NYC16,1947,5827
NYC16,1948,5987
NYC16,1949,6039
NYC16,1950,6040
NYC16,1951,5672
NYC16,1952,5831
NYC16,1953,5770
NYC16,1954,5852
NYC16,1955,5848
NYC16,1956,5928
NYC16,1957,5804
NYC16,1958,5990
NYC16,1959,5924
NYC16,1960,5866
NYC16,1961,5996
NYC16,1962,6055
NYC16,1963,5952
NYC16,1964,6204
NYC16,1965,6333
NYC16,1966,6004
NYC16,1967,6338
NYC16,1968,6056
NYC16,1969,5847
NYC16,1970,5977
NYC16,1971,6026
NYC16,1972,5680
NYC16,1973,5980
NYC16,1976,6011
NYC16,1977,6132
NYC16,1978,6149
NYC16,1979,5998
NYC16,1980,6145
NYC16,1981,3778
NYC16,1982,6235
NYC16,1983,6185
NYC16,1984,6261
NYC16,1985,6002
NYC16,1986,6186
NYC16,1987,6185
NYC16,1988,6153
NYC16,1989,6243
NYC16,1990,6187
NYC16,1991,6127
NYC16,1992,6339
NYC16,1993,6104
NYC16,1994,4404
NYC16,1995,5638
NYC16,1996,6245
NYC16,1997,6182
NYC16,1998,6132
NYC16,1999,6246
NYC16,2000,6255
NYC16,2001,6083
NYC16,2002,6144
NYC16,2003,6233
NYC16,2004,6272
NYC16,2005,6318
NYC16,2006,6210
NYC16,2007,6420
NYC16,2008,6207
NYC17,1964,6214
NYC17,1965,6177
NYC17,1966,6109
NYC17,1967,5784
NYC17,1968,6124
NYC17,1969,6141
NYC17,1970,6331
NYC17,1971,6098
NYC17,1972,5872
NYC17,1973,6153
NYC17,1974,12211
NYC17,1975,11969
NYC17,1976,6026
NYC17,1977,5950
NYC17,1978,6116
NYC17,1979,6316
NYC17,1980,6402
NYC17,1981,3890
NYC17,1982,6171
NYC17,1983,6226
NYC17,1984,6069
NYC17,1985,6064
NYC17,1986,6072
NYC17,1987,6216
NYC17,1988,5875
NYC17,1989,6064
NYC17,1990,6016
NYC17,1991,6232
NYC17,1992,6064
NYC17,1993,6085
NYC17,1994,4125
NYC17,1995,5526
NYC17,1996,6275
NYC17,1997,6194
NYC17,1998,6252
NYC17,1999,6273
NYC17,2000,6116
NYC17,2001,6116
NYC17,2002,6217
NYC17,2003,6117
NYC17,2004,6299
NYC17,2005,6161
NYC17,2006,6279
NYC17,2007,6217
NYC17,2008,6361
NYC20,2009,6201
NYC20,2010,6145
NYC20,2011,6349
NYC20,2012,6015
NYC20,2013,6244
NYC20,2014,6087
NYC20,2015,6032
NYC20,2016,6087
NYC20,2017,6417
NYC20,2018,6031
NYC20,2019,6142
NYC20,2020,2202
NYC20,2021,5692
NYC20,2022,6004
NYC20,2023,6067
NYC20,2024,6022
NYC20,2025,6097
NYC21,2009,6385
NYC21,2010,6209
NYC21,2011,6276
NYC21,2012,6067
NYC21,2013,6065
NYC21,2014,6080
NYC21,2015,6267
NYC21,2016,6033
NYC21,2017,6107
NYC21,2018,6249
NYC21,2019,6004
NYC21,2020,2271
NYC21,2021,5981
NYC21,2022,6020
NYC21,2023,6000
NYC21,2024,6149
NYC21,2025,6065
OAK01,1968,6227
OAK01,1969,6301
OAK01,1970,5957
OAK01,1971,6080
OAK01,1972,5701
OAK01,1973,5994
OAK01,1974,5991
OAK01,1975,6022
OAK01,1976,6127
OAK01,1977,6217
OAK01,1978,6066
OAK01,1979,6139
OAK01,1980,6046
OAK01,1981,4285
OAK01,1982,6332
OAK01,1983,6329
OAK01,1984,6198
OAK01,1985,6128
OAK01,1986,6348
OAK01,1987,6119
OAK01,1988,6154
OAK01,1989,6010
OAK01,1990,6045
OAK01,1991,6187
OAK01,1992,6185
OAK01,1993,6272
OAK01,1994,4330
OAK01,1995,5526
OAK01,1996,5881
OAK01,1997,6594
OAK01,1998,6205
OAK01,1999,6294
OAK01,2000,6343
OAK01,2001,6259
OAK01,2002,6183
OAK01,2003,6082
OAK01,2004,6374
OAK01,2005,6169
OAK01,2006,6209
OAK01,2007,6235
OAK01,2008,6015
OAK01,2009,6152
OAK01,2010,5999
OAK01,2011,6030
OAK01,2012,6005
OAK01,2013,6204
OAK01,2014,6096
OAK01,2015,6094
OAK01,2016,5999
OAK01,2017,6214
OAK01,2018,6127
OAK01,2019,6013
OAK01,2020,2341
OAK01,2021,6022
OAK01,2022,5982
OAK01,2023,6206
OAK01,2024,6137
OMA01,2019,80
PHI09,1910,5861
PHI09,1911,5859
PHI09,1912,5686
PHI09,1913,6121
PHI09,1914,5969
PHI09,1915,5437
PHI09,1916,5650
PHI09,1917,5616
PHI09,1918,4389
PHI09,1919,5597
PHI09,1920,5897
PHI09,1921,5965
PHI09,1922,6362
PHI09,1923,6240
PHI09,1924,6039
PHI09,1925,6386
PHI09,1926,6120
PHI09,1927,5248
PHI09,1928,6158
PHI09,1929,6373
PHI09,1930,6483
PHI09,1931,6024
PHI09,1932,6232
PHI09,1933,5744
PHI09,1934,5624
PHI09,1935,6312
PHI09,1936,6339
PHI09,1937,5891
PHI09,1938,2294
PHI11,1910,5757
PHI11,1911,5736
PHI11,1912,5882
PHI11,1913,5609
PHI11,1914,5651
PHI11,1915,5709
PHI11,1916,5803
PHI11,1917,5778
PHI11,1918,5175
PHI11,1919,5497
PHI11,1920,5887
PHI11,1921,6219
PHI11,1922,6017
PHI11,1923,5902
PHI11,1924,5814
PHI11,1925,6095
PHI11,1926,5602
PHI11,1927,6863
PHI11,1928,5949
PHI11,1929,5748
PHI11,1930,5945
PHI11,1931,5672
PHI11,1932,6236
PHI11,1933,5999
PHI11,1934,5893
PHI11,1935,5780
PHI11,1936,6167
PHI11,1937,6084
PHI11,1938,9677
PHI11,1939,11891
PHI11,1940,11693
PHI11,1941,11883
PHI11,1942,11551
PHI11,1943,11987
PHI11,1944,12036
PHI11,1945,12071
PHI11,1946,11932
PHI11,1947,11691
PHI11,1948,11906
PHI11,1949,11943
PHI11,1950,11965
PHI11,1951,12225
PHI11,1952,11661
PHI11,1953,11888
PHI11,1954,12003
PHI11,1955,5808
PHI11,1956,5883
PHI11,1957,5836
PHI11,1958,6125
PHI11,1959,5798
PHI11,1960,5966
PHI11,1961,5981
PHI11,1962,6045
PHI11,1963,6090
PHI11,1964,6070
PHI11,1965,6049
PHI11,1966,6239
PHI11,1967,6022
PHI11,1968,5904
PHI11,1969,6170
PHI11,1970,6131
PHI12,1971,6214
PHI12,1972,5986
PHI12,1973,6328
PHI12,1974,6290
PHI12,1975,6204
PHI12,1976,6120
PHI12,1977,6157
PHI12,1978,6113
PHI12,1979,6139
PHI12,1980,6386
PHI12,1981,4278
PHI12,1982,5985
PHI12,1983,6204
PHI12,1984,6194
PHI12,1985,6246
PHI12,1986,6162
PHI12,1987,6296
PHI12,1988,6209
PHI12,1989,6160
PHI12,1990,6256
PHI12,1991,6427
PHI12,1992,6134
PHI12,1993,6440
PHI12,1994,4602
PHI12,1995,5677
PHI12,1996,6210
PHI12,1997,6230
PHI12,1998,6306
PHI12,1999,6400
PHI12,2000,6396
PHI12,2001,6222
PHI12,2002,6108
PHI12,2003,6231
PHI13,2004,6404
PHI13,2005,6271
PHI13,2006,6379
PHI13,2007,6352
PHI13,2008,6279
PHI13,2009,6273
PHI13,2010,6382
PHI13,2011,6185
PHI13,2012,6088
PHI13,2013,6198
PHI13,2014,6288
PHI13,2015,6219
PHI13,2016,6076
PHI13,2017,6241
PHI13,2018,6051
PHI13,2019,6295
PHI13,2020,2376
PHI13,2021,6048
PHI13,2022,6044
PHI13,2023,6106
PHI13,2024,6006
PHI13,2025,6087
PHO01,1998,6155
PHO01,1999,6227
PHO01,2000,6221
PHO01,2001,6189
PHO01,2002,6315
PHO01,2003,6268
PHO01,2004,6309
PHO01,2005,6404
PHO01,2006,6377
PHO01,2007,6185
PHO01,2008,6149
PHO01,2009,6311
PHO01,2010,6232
PHO01,2011,6138
PHO01,2012,6141
PHO01,2013,6200
PHO01,2014,5998
PHO01,2015,6282
PHO01,2016,6503
PHO01,2017,6211
PHO01,2018,6213
PHO01,2019,6271
PHO01,2020,2292
PHO01,2021,6286
PHO01,2022,6051
PHO01,2023,6137
PHO01,2024,6265
PHO01,2025,6219
PIT06,1910,5700
PIT06,1911,5687
PIT06,1912,5638
PIT06,1913,5780
PIT06,1914,5609
PIT06,1915,5740
PIT06,1916,5953
PIT06,1917,5826
PIT06,1918,5201
PIT06,1919,5031
PIT06,1920,5899
PIT06,1921,5772
PIT06,1922,6199
PIT06,1923,5853
PIT06,1924,5879
PIT06,1925,6031
PIT06,1926,6090
PIT06,1927,6032
PIT06,1928,6027
PIT06,1929,6052
PIT06,1930,6084
PIT06,1931,6137
PIT06,1932,5905
PIT06,1933,5822
PIT06,1934,6090
PIT06,1935,5923
PIT06,1936,5932
PIT06,1937,5979
PIT06,1938,6153
PIT06,1939,6049
PIT06,1940,5853
PIT06,1941,5901
PIT06,1942,5925
PIT06,1943,5969
PIT06,1944,6223
PIT06,1945,6227
PIT06,1946,6009
PIT06,1947,6200
PIT06,1948,6067
PIT06,1949,5913
PIT06,1950,6187
PIT06,1951,6178
PIT06,1952,5998
PIT06,1953,6067
PIT06,1954,5984
PIT06,1955,5829
PIT06,1956,5799
PIT06,1957,5927
PIT06,1958,5743
PIT06,1959,5945
PIT06,1960,5992
PIT06,1961,5762
PIT06,1962,6055
PIT06,1963,6122
PIT06,1964,6119
PIT06,1965,6244
PIT06,1966,6149
PIT06,1967,6369
PIT06,1968,6146
PIT06,1969,6144
PIT06,1970,3183
PIT07,1970,3046
PIT07,1971,6106
PIT07,1972,5924
PIT07,1973,6169
PIT07,1974,6348
PIT07,1975,5966
PIT07,1976,6115
PIT07,1977,6283
PIT07,1978,6141
PIT07,1979,6192
PIT07,1980,6196
PIT07,1981,3838
PIT07,1982,6285
PIT07,1983,6168
PIT07,1984,6041
PIT07,1985,6122
PIT07,1986,6264
PIT07,1987,6273
PIT07,1988,6112
PIT07,1989,6271
PIT07,1990,5972
PIT07,1991,6230
PIT07,1992,6211
PIT07,1993,6285
PIT07,1994,4661
PIT07,1995,5627
PIT07,1996,6257
PIT07,1997,6209
PIT07,1998,6108
PIT07,1999,6223
PIT07,2000,6394
PIT08,2001,6185
PIT08,2002,6096
PIT08,2003,6357
PIT08,2004,6085
PIT08,2005,6323
PIT08,2006,6430
PIT08,2007,6241
PIT08,2008,6459
PIT08,2009,6205
PIT08,2010,6134
PIT08,2011,6150
PIT08,2012,5879
PIT08,2013,6115
PIT08,2014,6215
PIT08,2015,6229
PIT08,2016,6226
PIT08,2017,6151
PIT08,2018,6062
PIT08,2019,6330
PIT08,2020,2369
PIT08,2021,6127
PIT08,2022,6162
PIT08,2023,6165
PIT08,2024,6171
PIT08,2025,6034
SAC01,2025,6327
SAN01,1969,6091
SAN01,1970,6226
SAN01,1971,6059
SAN01,1972,6185
SAN01,1973,6120
SAN01,1974,6339
SAN01,1975,6239
SAN01,1976,5940
SAN01,1977,6352
SAN01,1978,6026
SAN01,1979,6306
SAN01,1980,6156
SAN01,1981,4178
SAN01,1982,6071
SAN01,1983,6194
SAN01,1984,6082
SAN01,1985,5997
SAN01,1986,6188
SAN01,1987,6153
SAN01,1988,5999
SAN01,1989,6036
SAN01,1990,6215
SAN01,1991,6073
SAN01,1992,6146
SAN01,1993,6283
SAN01,1994,4356
SAN01,1995,5422
SAN01,1996,6010
SAN01,1997,6113
SAN01,1998,6038
SAN01,1999,6066
SAN01,2000,6269
SAN01,2001,6199
SAN01,2002,6228
SAN01,2003,6302
SAN02,2004,6141
SAN02,2005,6179
SAN02,2006,6208
SAN02,2007,6134
SAN02,2008,6266
SAN02,2009,6192
SAN02,2010,6065
SAN02,2011,6034
SAN02,2012,6133
SAN02,2013,6134
SAN02,2014,5934
SAN02,2015,6017
SAN02,2016,6192
SAN02,2017,5939
SAN02,2018,6057
SAN02,2019,6054
SAN02,2020,2297
SAN02,2021,6113
SAN02,2022,5989
SAN02,2023,5905
SAN02,2024,5928
SAN02,2025,5989
SEA01,1969,6457
SEA02,1977,6176
SEA02,1978,6255
SEA02,1979,6265
SEA02,1980,6264
SEA02,1981,4391
SEA02,1982,6253
SEA02,1983,6061
SEA02,1984,6245
SEA02,1985,6414
SEA02,1986,6438
SEA02,1987,6170
SEA02,1988,6115
SEA02,1989,6207
SEA02,1990,6239
SEA02,1991,6279
SEA02,1992,6306
SEA02,1993,6352
SEA02,1994,3489
SEA02,1995,5687
SEA02,1996,6472
SEA02,1997,6376
SEA02,1998,6396
SEA02,1999,3206
SEA03,1999,3189
SEA03,2000,6318
SEA03,2001,6123
SEA03,2002,6191
SEA03,2003,6075
SEA03,2004,6342
SEA03,2005,6235
SEA03,2006,6161
SEA03,2007,6317
SEA03,2008,6289
SEA03,2009,6174
SEA03,2010,6024
SEA03,2011,6153
SEA03,2012,5901
SEA03,2013,6248
SEA03,2014,5815
SEA03,2015,6127
SEA03,2016,6171
SEA03,2017,6124
SEA03,2018,6012
SEA03,2019,6195
SEA03,2020,1729
SEA03,2021,5977
SEA03,2022,5972
SEA03,2023,6033
SEA03,2024,5845
SEA03,2025,6027
SEO01,2024,182
SFO01,1958,6007
SFO01,1959,5798
SFO02,1960,5738
SFO02,1961,5754
SFO02,1962,6072
SFO02,1963,6211
SFO02,1964,6164
SFO02,1965,6134
SFO02,1966,5967
SFO02,1967,6112
SFO02,1968,5955
SFO02,1969,6211
SFO02,1970,6359
SFO02,1971,6139
SFO02,1972,5797
SFO02,1973,6255
SFO02,1974,6258
SFO02,1975,6219
SFO02,1976,6313
SFO02,1977,6328
SFO02,1978,5969
SFO02,1979,6126
SFO02,1980,6107
SFO02,1981,4223
SFO02,1982,6185
SFO02,1983,6174
SFO02,1984,6291
SFO02,1985,6113
SFO02,1986,6168
SFO02,1987,6060
SFO02,1988,6010
SFO02,1989,6024
SFO02,1990,6282
SFO02,1991,6021
SFO02,1992,6061
SFO02,1993,6080
SFO02,1994,4584
SFO02,1995,5655
SFO02,1996,6433
SFO02,1997,6307
SFO02,1998,6226
SFO02,1999,6328
SFO03,2000,6176
SFO03,2001,6272
SFO03,2002,6084
SFO03,2003,6224
SFO03,2004,6418
SFO03,2005,6120
SFO03,2006,6175
SFO03,2007,6325
SFO03,2008,6276
SFO03,2009,6002
SFO03,2010,6098
SFO03,2011,6041
SFO03,2012,6056
SFO03,2013,6282
SFO03,2014,5947
SFO03,2015,5991
SFO03,2016,6186
SFO03,2017,6243
SFO03,2018,6158
SFO03,2019,6219
SFO03,2020,2520
SFO03,2021,6062
SFO03,2022,6108
SFO03,2023,5963
SFO03,2024,6072
SFO03,2025,6129
SJU01,2001,76
SJU01,2003,1753
SJU01,2004,1560
SJU01,2010,232
SJU01,2018,200
STL05,1910,5764
STL05,1912,6044
STL05,1913,5443
STL05,1914,5815
STL05,1915,6020
STL05,1916,5579
STL05,1917,5833
STL05,1918,5426
STL05,1919,5038
STL05,1920,2301
STL07,1910,5906
STL07,1911,11951
STL07,1912,5917
STL07,1913,5642
STL07,1914,5948
STL07,1915,5710
STL07,1916,5893
STL07,1917,5895
STL07,1918,3974
STL07,1919,5414
STL07,1920,9938
STL07,1921,11955
STL07,1922,12131
STL07,1923,12207
STL07,1924,12087
STL07,1925,12154
STL07,1926,12257
STL07,1927,12231
STL07,1928,11831
STL07,1929,11839
STL07,1930,12314
STL07,1931,12128
STL07,1932,11945
STL07,1933,12115
STL07,1934,12052
STL07,1935,12145
STL07,1936,12404
STL07,1937,12484
STL07,1938,12473
STL07,1939,12591
STL07,1940,12094
STL07,1941,12561
STL07,1942,12004
STL07,1943,11898
STL07,1944,11566
STL07,1945,11864
STL07,1946,11881
STL07,1947,11989
STL07,1948,12001
STL07,1949,12194
STL07,1950,11869
STL07,1951,12433
STL07,1952,11828
STL07,1953,12137
STL07,1954,6164
STL07,1955,5981
STL07,1956,5971
STL07,1957,6058
STL07,1958,5946
STL07,1959,6049
STL07,1960,5804
STL07,1961,6062
STL07,1962,6258
STL07,1963,6250
STL07,1964,6242
STL07,1965,6190
STL07,1966,760
STL09,1966,5205
STL09,1967,6076
STL09,1968,5900
STL09,1969,6043
STL09,1970,6503
STL09,1971,6312
STL09,1972,5857
STL09,1973,6035
STL09,1974,6248
STL09,1975,6329
STL09,1976,6201
STL09,1977,6241
STL09,1978,5921
STL09,1979,6312
STL09,1980,6162
STL09,1981,4068
STL09,1982,6186
STL09,1983,6212
STL09,1984,5972
STL09,1985,5987
STL09,1986,6149
STL09,1987,6190
STL09,1988,6234
STL09,1989,6157
STL09,1990,6227
STL09,1991,6219
STL09,1992,6264
STL09,1993,6079
STL09,1994,4358
STL09,1995,5488
STL09,1996,6133
STL09,1997,6178
STL09,1998,6605
STL09,1999,6416
STL09,2000,6284
STL09,2001,6164
STL09,2002,6200
STL09,2003,6316
STL09,2004,6186
STL09,2005,6176
STL10,2006,6207
STL10,2007,6242
STL10,2008,6262
STL10,2009,6126
STL10,2010,6166
STL10,2011,6107
STL10,2012,6298
STL10,2013,6034
STL10,2014,6147
STL10,2015,6138
STL10,2016,6138
STL10,2017,6162
STL10,2018,6186
STL10,2019,6028
STL10,2020,1910
STL10,2021,5949
STL10,2022,5996
STL10,2023,6163
STL10,2024,5955
STL10,2025,6043
STP01,1998,6296
STP01,1999,6368
STP01,2000,6254
STP01,2001,6248
STP01,2002,6439
STP01,2003,6369
STP01,2004,6002
STP01,2005,6292
STP01,2006,6217
STP01,2007,6068
STP01,2008,5886
STP01,2009,6179
STP01,2010,6068
STP01,2011,6036
STP01,2012,6039
STP01,2013,6158
STP01,2014,6197
STP01,2015,6190
STP01,2016,6032
STP01,2017,6083
STP01,2018,5996
STP01,2019,6142
STP01,2020,2152
STP01,2021,5962
STP01,2022,5898
STP01,2023,6008
STP01,2024,6036
SYD01,2014,162
TAM02,2025,6023
TOK01,2000,175
TOK01,2004,155
TOK01,2008,157
TOK01,2012,144
TOK01,2019,182
TOK01,2025,153
TOR01,1977,6192
TOR01,1978,6289
TOR01,1979,6209
TOR01,1980,6303
TOR01,1981,4011
TOR01,1982,6253
TOR01,1983,6218
TOR01,1984,6186
TOR01,1985,5943
TOR01,1986,6175
TOR01,1987,6230
TOR01,1988,6186
TOR01,1989,1952
TOR02,1989,4148
TOR02,1990,6201
TOR02,1991,6194
TOR02,1992,6111
TOR02,1993,6324
TOR02,1994,4529
TOR02,1995,5786
TOR02,1996,6361
TOR02,1997,6109
TOR02,1998,6302
TOR02,1999,6347
TOR02,2000,6339
TOR02,2001,6329
TOR02,2002,6259
TOR02,2003,6365
TOR02,2004,6321
TOR02,2005,6210
TOR02,2006,6267
TOR02,2007,6028
TOR02,2008,6191
TOR02,2009,6245
TOR02,2010,5896
TOR02,2011,6359
TOR02,2012,6085
TOR02,2013,6283
TOR02,2014,6182
TOR02,2015,6007
TOR02,2016,6224
TOR02,2017,6077
TOR02,2018,6211
TOR02,2019,6257
TOR02,2021,2622
TOR02,2022,6038
TOR02,2023,6126
TOR02,2024,6050
TOR02,2025,6106
WAS08,1910,5636
WAS09,1911,5810
WAS09,1912,5769
WAS09,1913,5665
WAS09,1914,5616
WAS09,1915,5856
WAS09,1916,5964
WAS09,1917,5983
WAS09,1918,5707
WAS09,1919,5458
WAS09,1920,5992
WAS09,1921,5896
WAS09,1922,5981
WAS09,1923,6112
WAS09,1924,5996
WAS09,1925,5804
WAS09,1926,5870
WAS09,1927,6098
WAS09,1928,6173
WAS09,1929,6041
WAS09,1930,5897
WAS09,1931,6185
WAS09,1932,6118
WAS09,1933,5955
WAS09,1934,6036
WAS09,1935,6284
WAS09,1936,6001
WAS09,1937,6340
WAS09,1938,6304
WAS09,1939,6017
WAS09,1940,5975
WAS09,1941,6079
WAS09,1942,6192
WAS09,1943,5916
WAS09,1944,5882
WAS09,1945,5906
WAS09,1946,5869
WAS09,1947,5828
WAS09,1948,6105
WAS09,1949,6027
WAS09,1950,6114
WAS09,1951,5875
WAS09,1952,6049
WAS09,1953,5684
WAS09,1954,6030
WAS09,1955,5913
WAS09,1956,6220
WAS09,1957,6129
WAS09,1958,5897
WAS09,1959,5786
WAS09,1960,5999
WAS09,1961,6016
WAS10,1962,6071
WAS10,1963,6096
WAS10,1964,6122
WAS10,1965,6141
WAS10,1966,5805
WAS10,1967,6012
WAS10,1968,6162
WAS10,1969,6158
WAS10,1970,6291
WAS10,1971,6111
WAS10,2005,6097
WAS10,2006,6328
WAS10,2007,6230
WAS11,2008,6241
WAS11,2009,6367
WAS11,2010,6183
WAS11,2011,5966
WAS11,2012,6224
WAS11,2013,6018
WAS11,2014,6171
WAS11,2015,6046
WAS11,2016,6124
WAS11,2017,6176
WAS11,2018,6243
WAS11,2019,6264
WAS11,2020,2434
WAS11,2021,5989
WAS11,2022,6138
WAS11,2023,6140
WAS11,2024,6063
WAS11,2025,6154
WIL02,2017,74
WIL02,2018,75
WIL02,2019,78
WIL02,2021,66
WIL02,2022,72
WIL02,2023,68
WIL02,2024,74
WIL02,2025,81
