season,team,park_id,tf,home_g
1910,BOS,BOS06,0.9669421487603306,80
1910,BRO,NYC12,0.8908304498269897,80
1910,BSN,BOS05,1.3716939228750253,78
1910,CHA,CHI10,0.8318586289008648,79
1910,CHN,CHI08,0.9390048154093097,77
1910,CIN,CIN06,1.0546949162812302,77
1910,CLE,CLE06,1.0311557788944723,80
1910,DET,DET02,1.0601237842617153,78
1910,NY1,NYC10,0.8651101734646038,79
1910,NYA,NYC13,1.1569886947584789,77
1910,PHA,PHI11,0.9627184025414113,78
1910,PHI,PHI09,0.9144741731698253,78
1910,PIT,PIT06,1.2378324844368986,76
1910,SLA,STL07,0.9702970297029703,79
1910,SLN,STL05,0.8686195942531224,76
1910,WS1,WAS08,1.007831120190671,77
1911,BOS,BOS06,0.9493719657856206,76
1911,BRO,NYC12,0.9175842509175843,74
1911,BSN,BOS05,1.26249684741488,75
1911,CHA,CHI10,0.8883044780480678,78
1911,CHN,CHI08,0.8793018682399212,84
1911,CIN,CIN06,0.8222808174027686,82
1911,CLE,CLE06,1.057109075895203,77
1911,DET,DET02,1.2159610983981692,76
1911,NY1,NYC14,0.9751928783382791,75
1911,NYA,NYC13,1.2528697109342273,77
1911,PHA,PHI11,0.7917514124293786,75
1911,PHI,PHI09,1.1623445750298076,76
1911,PIT,PIT06,0.9528817104345805,78
1911,SLA,STL07,0.9556227372821259,78
1911,SLN,STL05,1.0432900432900434,79
1911,WS1,WAS09,0.9508426966292134,77
1912,BOS,BOS07,1.070272435897436,78
1912,BRO,NYC12,0.9123942349060663,76
1912,BSN,BOS05,1.2312802155220135,79
1912,CHA,CHI10,0.9445082280903176,78
1912,CHN,CHI08,1.0497648308299194,78
1912,CIN,CIN07,0.8285645752664224,77
1912,CLE,CLE06,1.012987012987013,77
1912,DET,DET04,0.9358741681790684,76
1912,NY1,NYC14,1.032222642938281,76
1912,NYA,NYC13,1.1265385486672204,76
1912,PHA,PHI11,0.980168236756309,77
1912,PHI,PHI09,0.9998062015503877,75
1912,PIT,PIT06,0.9007132667617689,75
1912,SLA,STL07,1.011645569620253,79
1912,SLN,STL05,1.0513536394257614,77
1912,WS1,WAS09,0.9297318457623801,78
1913,BOS,BOS07,1.0790904048807544,75
1913,BRO,NYC15,1.0938534225001713,77
1913,BSN,BOS05,0.9151079136690647,77
1913,CHA,CHI10,0.8252678420276186,77
1913,CHN,CHI08,0.9667105263157896,76
1913,CIN,CIN07,1.0784929356357928,78
1913,CLE,CLE06,1.0845249077490775,80
1913,DET,DET04,1.042280436340473,76
1913,NY1,NYC14,0.9783368273934312,81
1913,NYA,NYC14,1.05929173693086,75
1913,PHA,PHI11,0.9183920944038224,76
1913,PHI,PHI09,1.2540889343214925,78
1913,PIT,PIT06,0.8800262027243125,79
1913,SLA,STL07,0.9172976860273278,77
1913,SLN,STL05,0.8934578355179215,74
1913,WS1,WAS09,1.0950679557236933,78
1914,BLF,BAL10,0.9618506024096387,83
1914,BOS,BOS07,0.8995606594458219,79
1914,BRF,NYC19,1.0325270897832817,80
1914,BRO,NYC15,1.0391720834758809,79
1914,BSN,BOS05,1.052810902896082,79
1914,BUF,BUF04,1.075400917008534,79
1914,CHA,CHI10,1.062482713534988,81
1914,CHF,CHI11,0.7152491425488458,77
1914,CHN,CHI08,0.9790781301078784,76
1914,CIN,CIN07,1.1404581209199327,77
1914,CLE,CLE06,1.1427883141342912,79
1914,DET,DET04,1.068525641025641,78
1914,IND,IND07,1.235684818481848,80
1914,KCF,KAN04,0.9595940179154973,74
1914,NY1,NYC14,0.8909937888198758,80
1914,NYA,NYC14,0.988881118881119,78
1914,PHA,PHI11,0.9105025944021512,78
1914,PHI,PHI09,1.0626602564102565,78
1914,PIT,PIT06,0.7920550038197097,77
1914,PTF,PIT05,0.9101764425369576,75
1914,SLA,STL07,0.962962962962963,81
1914,SLF,STL08,1.1541733120680489,76
1914,SLN,STL05,1.0466193269527633,79
1914,WS1,WAS09,0.9865516366404465,77
1915,BLF,BAL10,1.2775225225225226,75
1915,BOS,BOS07,0.9093309115485343,76
1915,BRF,NYC19,1.0017263959995237,74
1915,BRO,NYC15,1.0254489580332278,78
1915,BSN,BOS07,0.9417149631190727,78
1915,BUF,BUF04,1.0202457475184747,77
1915,CHA,CHI10,0.8895336128609184,79
1915,CHF,CHI11,0.9022435897435898,78
1915,CHN,CHI08,1.0790416480071652,77
1915,CIN,CIN07,1.0613257212382132,79
1915,CLE,CLE06,1.1210526315789475,77
1915,DET,DET04,1.1748282918329718,77
1915,KCF,KAN04,0.8977526821005082,77
1915,NEW,HAR01,0.8498680135519943,79
1915,NY1,NYC14,0.8518994855559953,76
1915,NYA,NYC14,0.9497898886626521,82
1915,PHA,PHI11,1.0252643948296123,74
1915,PHI,PHI09,1.101608187134503,76
1915,PIT,PIT06,0.947906523855891,79
1915,PTF,PIT05,1.037065637065637,77
1915,SLA,STL07,0.9305611872516422,76
1915,SLF,STL08,1.0521185686309418,82
1915,SLN,STL05,1.0291253695009563,81
1915,WS1,WAS09,1.0342261904761905,80
1916,BOS,BOS07,0.7975567190226875,78
1916,BRO,NYC15,1.0191204588910132,78
1916,BSN,BOS08,0.7837788688852518,78
1916,CHA,CHI10,1.1342325628039913,77
1916,CHN,CHI11,1.4026480430670738,79
1916,CIN,CIN07,1.0138528539659006,76
1916,CLE,CLE06,1.012820512820513,78
1916,DET,DET04,1.1156318764292186,77
1916,NY1,NYC14,0.8835341365461847,78
1916,NYA,NYC14,1.0238567681605657,79
1916,PHA,PHI11,1.0903523564391586,76
1916,PHI,PHI09,0.8776523085329205,79
1916,PIT,PIT06,1.1374135124135123,78
1916,SLA,STL07,0.8727272727272728,79
1916,SLN,STL05,0.9895960832313342,76
1916,WS1,WAS09,0.9719290985585213,81
1917,BOS,BOS07,1.0970868644067795,80
1917,BRO,NYC15,1.08984375,78
1917,BSN,BOS08,0.9133526231971828,77
1917,CHA,CHI10,0.8753948980249726,79
1917,CHN,CHI11,1.1100175240655832,77
1917,CIN,CIN07,0.8688186813186812,80
1917,CLE,CLE06,1.2860040567951319,78
1917,DET,DET04,0.960945357023131,76
1917,NY1,NYC14,0.8670415224913495,80
1917,NYA,NYC14,1.1485604606525912,75
1917,PHA,PHI11,0.9393125671321161,76
1917,PHI,PHI09,1.138788752703677,76
1917,PIT,PIT06,1.0234177215189872,79
1917,SLA,STL07,0.9595319562370633,78
1917,SLN,STL05,1.0442186744073536,78
1917,WS1,WAS09,0.8391441821247893,80
1918,BOS,BOS07,0.8383693045563549,70
1918,BRO,NYC15,1.0265232974910394,54
1918,BSN,BOS08,0.8758261847841373,52
1918,CHA,CHI10,1.0098522167487685,56
1918,CHN,CHI11,0.9873807631160573,74
1918,CIN,CIN07,0.9588207209357843,71
1918,CLE,CLE06,1.1632272151007184,62
1918,DET,DET04,0.9957962714755696,58
1918,NY1,NYC14,0.9166666666666666,56
1918,NYA,NYC14,0.895273631840796,67
1918,PHA,PHI11,1.1456615900516978,68
1918,PHI,PHI09,1.2583871960603261,57
1918,PIT,PIT06,1.0938709178145798,71
1918,SLA,STL07,0.9833163860957331,53
1918,SLN,STL05,0.8998808814770696,73
1918,WS1,WAS09,1.0433758008689888,74
1919,BOS,BOS07,0.8054375531011045,66
1919,BRO,NYC15,0.865765306122449,70
1919,BSN,BOS08,0.987173816895179,68
1919,CHA,CHI10,1.0778546712802768,70
1919,CHN,CHI11,0.9255533199195172,71
1919,CIN,CIN07,1.0332640332640333,70
1919,CLE,CLE06,1.12195248874665,69
1919,DET,DET04,0.8513931888544892,70
1919,NY1,NYC14,0.9605098529871754,69
1919,NYA,NYC14,1.0759552275388764,73
1919,PHA,PHI11,1.2495309568480302,70
1919,PHI,PHI09,1.233603913557682,71
1919,PIT,PIT06,1.0873798846893017,70
1919,SLA,STL07,0.9264448336252189,70
1919,SLN,STL05,0.911487758945386,69
1919,WS1,WAS09,0.9564848121502798,72
1920,BOS,BOS07,0.8925104022191401,76
1920,BRO,NYC15,1.1967483168600488,78
1920,BSN,BOS08,0.954032604032604,74
1920,CHA,CHI10,0.8705128205128205,77
1920,CHN,CHI11,0.9904761904761904,77
1920,CIN,CIN07,0.7532656023222062,77
1920,CLE,CLE06,1.0305719921104537,78
1920,DET,DET04,1.1176687297376953,78
1920,NY1,NYC14,0.9482758620689656,80
1920,NYA,NYC14,0.9959183673469387,77
1920,PHA,PHI11,0.9118222347530353,77
1920,PHI,PHI09,1.2672541743970316,77
1920,PIT,PIT06,0.9799074467582756,78
1920,SLA,STL07,1.2818233618233619,78
1920,SLN,STL07,0.9901173797803862,76
1920,WS1,WAS09,0.9278795292250729,76
1921,BOS,BOS07,0.9513590844062947,77
1921,BRO,NYC15,1.0909499856868277,78
1921,BSN,BOS08,0.8365969743328234,74
1921,CHA,CHI10,1.0170157068062828,77
1921,CHN,CHI11,1.1922205438066464,76
1921,CIN,CIN07,0.9925781250000001,76
1921,CLE,CLE06,0.9488095238095239,77
1921,DET,DET04,0.9451901565995525,77
1921,NY1,NYC14,0.9129154538685439,79
1921,NYA,NYC14,1.0263612791702679,78
1921,PHA,PHI11,1.1275345907498495,77
1921,PHI,PHI09,1.1480580762250452,76
1921,PIT,PIT06,1.0089206066012488,76
1921,SLA,STL07,1.046172539489672,77
1921,SLN,STL07,0.8727082925556208,78
1921,WS1,WAS09,0.9416993281075029,76
1922,BOS,BOS07,0.9318755876767639,73
1922,BRO,NYC15,0.8810982527796687,78
1922,BSN,BOS08,0.8936258852937092,76
1922,CHA,CHI10,0.9984326018808776,77
1922,CHN,CHI11,0.8959091750478189,76
1922,CIN,CIN07,0.8566554588607594,79
1922,CLE,CLE06,1.0759654471544715,80
1922,DET,DET04,0.9797541462183017,77
1922,NY1,NYC14,1.0195876642310728,79
1922,NYA,NYC14,0.9713467048710601,77
1922,PHA,PHI11,1.1470747562296857,78
1922,PHI,PHI09,1.3959537572254335,77
1922,PIT,PIT06,1.060067091802843,78
1922,SLA,STL07,1.0841379310344827,77
1922,SLN,STL07,1.046228710462287,77
1922,WS1,WAS09,0.8081924465090576,79
1923,BOS,BOS07,1.0697405004633922,78
1923,BRO,NYC15,0.9457774641260881,78
1923,BSN,BOS08,1.021499508894467,77
1923,CHA,CHI10,0.9617414248021108,75
1923,CHN,CHI11,1.0738636363636365,77
1923,CIN,CIN07,0.8866666666666665,78
1923,CLE,CLE06,1.0373850068506556,78
1923,DET,DET04,0.9266178401379376,77
1923,NY1,NYC14,0.9960681520314548,77
1923,NYA,NYC16,1.0380818053596614,76
1923,PHA,PHI11,1.0225941422594143,75
1923,PHI,PHI09,1.4610886189833558,75
1923,PIT,PIT06,0.9024390243902439,77
1923,SLA,STL07,1.0824587706146926,78
1923,SLN,STL07,0.7754618811726953,78
1923,WS1,WAS09,0.8827997021593447,79
1924,BOS,BOS07,1.101465379540246,77
1924,BRO,NYC15,0.9497206703910613,77
1924,BSN,BOS08,0.9116272055496908,76
1924,CHA,CHI10,0.9796163069544365,77
1924,CHN,CHI11,1.018583173780831,78
1924,CIN,CIN07,0.9492362609995019,76
1924,CLE,CLE06,0.9499512195121951,75
1924,DET,DET04,0.993939393939394,78
1924,NY1,NYC14,0.7812128418549346,77
1924,NYA,NYC16,0.9318134822167079,78
1924,PHA,PHI11,0.9921684587813618,75
1924,PHI,PHI09,1.2659732540861814,76
1924,PIT,PIT06,1.085081585081585,77
1924,SLA,STL07,1.1818626917636819,78
1924,SLN,STL07,1.092696629213483,77
1924,WS1,WAS09,0.8849637201419417,79
1925,BOS,BOS07,0.9494451294697904,75
1925,BRO,NYC15,0.90457106698406,77
1925,BSN,BOS08,0.8709165154264973,76
1925,CHA,CHI10,0.8888888888888888,77
1925,CHN,CHI11,0.9428571428571428,77
1925,CIN,CIN07,0.8783539731682146,76
1925,CLE,CLE06,1.1524758663796097,77
1925,DET,DET04,0.9887504785463969,77
1925,NY1,NYC14,0.9380053908355794,76
1925,NYA,NYC16,0.8987341772151899,79
1925,PHA,PHI11,1.0234725696467122,77
1925,PHI,PHI09,1.444920002204302,77
1925,PIT,PIT06,1.010337920785682,77
1925,SLA,STL07,1.2197710851077435,78
1925,SLN,STL07,1.044172932330827,76
1925,WS1,WAS09,0.8902900378310213,76
1926,BOS,BOS07,1.0819672131147542,77
1926,BRO,NYC15,0.9816405948986668,76
1926,BSN,BOS08,0.7102449407186923,77
1926,CHA,CHI10,0.7831311418742078,79
1926,CHN,CHI11,1.0839617898441427,78
1926,CIN,CIN07,0.8547384818571259,77
1926,CLE,CLE06,0.9304977711738485,80
1926,DET,DET04,0.9700176366843033,81
1926,NY1,NYC14,0.941919777417111,76
1926,NYA,NYC16,0.9700530395756833,75
1926,PHA,PHI11,1.3301180321364807,71
1926,PHI,PHI09,1.1889655172413796,76
1926,PIT,PIT06,1.2689972620134122,79
1926,SLA,STL07,1.0698040863490728,79
1926,SLN,STL07,1.0351811436054126,79
1926,WS1,WAS09,0.9748701903874318,74
1927,BOS,BOS07,0.9259679917398038,78
1927,BRO,NYC15,1.0159992768688422,74
1927,BSN,BOS08,0.8831862357910643,74
1927,CHA,CHI10,1.024927536231884,75
1927,CHN,CHI11,0.9822018955256777,78
1927,CIN,CIN07,0.9706210191082801,80
1927,CLE,CLE06,0.9412930393856827,77
1927,DET,DET04,1.2,78
1927,NY1,NYC14,0.9927402588692912,74
1927,NYA,NYC16,0.9126670431018258,77
1927,PHA,PHI11,0.9041031432335781,77
1927,PHI,PHI09,1.0214830214830215,78
1927,PIT,PIT06,1.009637712789175,79
1927,SLA,STL07,1.2113543091655266,78
1927,SLN,STL07,1.1362935126582279,80
1927,WS1,WAS09,0.9071515774593588,79
1928,BOS,BOS07,0.9794928167999697,74
1928,BRO,NYC15,0.9339173345064361,77
1928,BSN,BOS08,1.0198943169092947,76
1928,CHA,CHI10,0.9715775125257884,78
1928,CHN,CHI11,0.8205479452054794,77
1928,CIN,CIN07,0.8920631391729656,78
1928,CLE,CLE06,1.1791460338222928,77
1928,DET,DET04,1.0208877284595301,77
1928,NY1,NYC14,1.0019462826002334,77
1928,NYA,NYC16,0.7984054669703872,77
1928,PHA,PHI11,0.9952495348879214,77
1928,PHI,PHI09,1.2289311594202899,75
1928,PIT,PIT06,1.1519995585151392,77
1928,SLA,STL07,1.0825309491059147,77
1928,SLN,STL07,0.95,77
1928,WS1,WAS09,1.0186033724340176,80
1929,BOS,BOS07,1.0538612146541662,78
1929,BRO,NYC15,0.9008360673087099,77
1929,BSN,BOS08,0.8879310344827587,77
1929,CHA,CHI10,0.8995983935742973,76
1929,CHN,CHI11,0.9863013698630138,78
1929,CIN,CIN07,0.9575910011877314,78
1929,CLE,CLE06,0.9876880984952121,76
1929,DET,DET04,1.0173674973674973,77
1929,NY1,NYC14,0.9477009477009477,77
1929,NYA,NYC16,0.9717314487632508,77
1929,PHA,PHI11,1.1203628285820064,74
1929,PHI,PHI09,1.3138297872340425,76
1929,PIT,PIT06,1.053486604598138,76
1929,SLA,STL07,0.9673469387755103,77
1929,SLN,STL07,0.955794504181601,77
1929,WS1,WAS09,0.9953222453222453,78
1930,BOS,BOS07,0.8380489440160912,76
1930,BRO,NYC15,0.9598051157125457,77
1930,BSN,BOS08,0.9147869674185465,77
1930,CHA,CHI10,1.0854588836240213,78
1930,CHN,CHI11,1.1037512282527022,79
1930,CIN,CIN07,0.7822014051522248,77
1930,CLE,CLE06,1.1437054631828978,77
1930,DET,DET04,1.1083977750644416,78
1930,NY1,NYC14,0.9188311688311689,77
1930,NYA,NYC16,0.8040563191418036,76
1930,PHA,PHI11,0.9407894736842105,76
1930,PHI,PHI09,1.273881975764821,77
1930,PIT,PIT06,0.9517167381974249,77
1930,SLA,STL07,1.2106076571829996,78
1930,SLN,STL07,1.0694444444444444,77
1930,WS1,WAS09,0.9591078066914498,77
1931,BOS,BOS07,0.8663132694938441,80
1931,BRO,NYC15,1.022177104482274,76
1931,BSN,BOS08,0.9659643435980552,78
1931,CHA,CHI10,0.8873918363135163,77
1931,CHN,CHI11,0.9149214868772064,77
1931,CIN,CIN07,0.9221902017291065,77
1931,CLE,CLE06,1.165237166991553,76
1931,DET,DET04,1.1062322946175638,77
1931,NY1,NYC14,0.8793902176255118,78
1931,NYA,NYC16,0.9454545454545455,77
1931,PHA,PHI11,1.0205607476635514,75
1931,PHI,PHI09,1.21222289247474,76
1931,PIT,PIT06,1.0067127190414862,78
1931,SLA,STL07,1.0961791831357048,77
1931,SLN,STL07,1.1037887485648679,78
1931,WS1,WAS09,0.9582917123814826,79
1932,BOS,BOS07,0.9825970548862115,77
1932,BRO,NYC15,0.9274172008547009,78
1932,BSN,BOS08,0.8216450216450217,77
1932,CHA,CHI10,0.7689678742310321,77
1932,CHN,CHI11,1.05,77
1932,CIN,CIN07,0.9200799200799201,77
1932,CLE,CLE06,1.1625419723914936,77
1932,DET,DET04,1.0345348368908578,78
1932,NY1,NYC14,0.9743243243243243,77
1932,NYA,NYC16,0.8499064494827206,77
1932,PHA,PHI11,1.295364238410596,77
1932,PHI,PHI09,1.3295454545454546,77
1932,PIT,PIT06,0.9808281090537979,76
1932,SLA,STL07,1.0430694275274055,75
1932,SLN,STL07,1.0043478260869565,79
1932,WS1,WAS09,0.9450000000000001,77
1933,BOS,BOS07,1.03765015015015,72
1933,BRO,NYC15,0.968386850152905,80
1933,BSN,BOS08,0.8637026239067056,77
1933,CHA,CHI10,1.0482841181165203,77
1933,CHN,CHI11,0.8932468666209391,79
1933,CIN,CIN07,0.9891239775167938,79
1933,CLE,CLE07,1.0603514132925898,77
1933,DET,DET04,1.1282051282051282,78
1933,NY1,NYC14,0.90359477124183,77
1933,NYA,NYC16,0.8051228070175439,75
1933,PHA,PHI11,0.8640776699029126,76
1933,PHI,PHI09,1.5304347826086957,72
1933,PIT,PIT06,0.8856304985337243,77
1933,SLA,STL07,1.3834101382488482,77
1933,SLN,STL07,1.0441640378548895,77
1933,WS1,WAS09,0.8609986504723346,76
1934,BOS,BOS07,1.131810316197934,77
1934,BRO,NYC15,0.9214594928880644,77
1934,BSN,BOS08,0.6868976503385106,75
1934,CHA,CHI10,1.062941176470588,75
1934,CHN,CHI11,0.9068517689207345,77
1934,CIN,CIN07,1.0691209911393398,78
1934,CLE,CLE06,0.9955950032873109,78
1934,DET,DET04,0.9052256532066508,80
1934,NY1,NYC14,0.8838567493112947,75
1934,NYA,NYC16,0.8426829268292683,77
1934,PHA,PHI11,0.963795756138214,76
1934,PHI,PHI09,1.2573660943764777,71
1934,PIT,PIT06,1.123645857688411,78
1934,SLA,STL07,1.0954085775448439,76
1934,SLN,STL07,1.2698907956318253,77
1934,WS1,WAS09,1.0327238550922762,76
1935,BOS,BOS07,1.1587221586833891,79
1935,BRO,NYC15,0.8876117496807152,77
1935,BSN,BOS08,0.9736770691994572,75
1935,CHA,CHI10,1.192030521407376,77
1935,CHN,CHI11,0.9151193633952255,77
1935,CIN,CIN07,0.8710972346119535,76
1935,CLE,CLE06,0.9566160879936392,77
1935,DET,DET04,0.8763136998458593,79
1935,NY1,NYC14,0.8858418473989599,79
1935,NYA,NYC16,0.7896700381362958,74
1935,PHA,PHI11,1.0519786432160805,72
1935,PHI,PHI09,1.3913189438969964,79
1935,PIT,PIT06,1.1172018165883195,77
1935,SLA,STL07,1.2115810222007055,76
1935,SLN,STL07,1.0335664335664334,77
1935,WS1,WAS09,0.8679653679653679,77
1936,BOS,BOS07,1.0880736514159695,77
1936,BRO,NYC15,1.1230372040151821,79
1936,BSN,BOS08,0.8713463751438435,79
1936,CHA,CHI10,0.9846688382193268,75
1936,CHN,CHI11,1.0451807228915662,77
1936,CIN,CIN07,0.9388004895960832,76
1936,CLE,CLE06,1.1144133908960085,81
1936,DET,DET04,0.8962962962962963,77
1936,NY1,NYC14,0.9531465148301141,78
1936,NYA,NYC16,0.8191627104013812,77
1936,PHA,PHI11,1.0816568047337278,77
1936,PHI,PHI09,1.2752432752432752,78
1936,PIT,PIT06,0.9375612945406996,76
1936,SLA,STL07,1.1545499174365155,77
1936,SLN,STL07,0.9032467532467531,77
1936,WS1,WAS09,0.9170760667903525,77
1937,BOS,BOS07,1.0543216483810545,74
1937,BRO,NYC15,1.1366793681035166,76
1937,BSN,BOS08,0.7223065250379364,76
1937,CHA,CHI10,1.018716577540107,77
1937,CHN,CHI11,1.0460826210826213,78
1937,CIN,CIN07,0.8201458036984353,80
1937,CLE,CLE06,0.9188861985472154,78
1937,DET,DET04,1.216337565779945,77
1937,NY1,NYC14,0.9496296296296296,75
1937,NYA,NYC16,0.9707278481012659,79
1937,PHA,PHI11,0.891290949604134,79
1937,PHI,PHI09,1.2842446812433168,74
1937,PIT,PIT06,1.0231508501614723,78
1937,SLA,STL07,1.069047619047619,78
1937,SLN,STL07,1.025186567164179,80
1937,WS1,WAS09,0.877615933412604,80
1938,BOS,BOS07,1.025735294117647,75
1938,BRO,NYC15,0.9317440765161943,74
1938,BSN,BOS08,0.6992340425531915,75
1938,CHA,CHI10,0.9317200575662277,73
1938,CHN,CHI11,1.0629921259842519,77
1938,CIN,CIN07,0.9262690999304602,77
1938,CLE,CLE06,0.9493084673634146,76
1938,DET,DET04,0.9867227879050477,79
1938,NY1,NYC14,1.053545527800161,73
1938,NYA,NYC16,1.0556024378809188,79
1938,PHA,PHI11,1.0840303693218376,76
1938,PHI,PHI11,1.1047619047619046,75
1938,PIT,PIT06,0.9760709700011672,78
1938,SLA,STL07,1.0587566279873972,77
1938,SLN,STL07,1.281347245103423,81
1938,WS1,WAS09,0.9079957165804033,78
1939,BOS,BOS07,1.1855242966751918,75
1939,BRO,NYC15,1.1316961598651738,78
1939,BSN,BOS08,0.8074225201593317,73
1939,CHA,CHI10,1.109732963665548,77
1939,CHN,CHI11,1.0086764705882354,80
1939,CIN,CIN07,1.0112647209421404,81
1939,CLE,CLE06,0.9021601016518425,77
1939,DET,DET04,1.2339743589743588,78
1939,NY1,NYC14,0.9850839619423069,74
1939,NYA,NYC16,0.7117030696576151,77
1939,PHA,PHI11,1.0380134038366946,76
1939,PHI,PHI11,0.9610913491510505,74
1939,PIT,PIT06,1.0173603848567245,77
1939,SLA,STL07,1.1173652694610778,78
1939,SLN,STL07,1.0837273143205735,79
1939,WS1,WAS09,0.7827626918536009,77
1940,BOS,BOS07,1.0445387893219702,79
1940,BRO,NYC15,1.1389985586263083,81
1940,BSN,BOS08,1.0147286821705426,75
1940,CHA,CHI10,1.034598589183742,78
1940,CHN,CHI11,0.9715568862275449,77
1940,CIN,CIN07,0.9326412312415424,77
1940,CLE,CLE07,0.7845585229595313,82
1940,DET,DET04,1.2312284234752588,79
1940,NY1,NYC14,1.0030303030303032,76
1940,NYA,NYC16,0.9184210526315789,76
1940,PHA,PHI11,0.9785567336603893,71
1940,PHI,PHI11,0.9766997152418366,79
1940,PIT,PIT06,0.9475471698113207,75
1940,SLA,STL07,1.1866199589883801,77
1940,SLN,STL07,1.0518389173851357,77
1940,WS1,WAS09,0.8636363636363636,77
1941,BOS,BOS07,1.07637955913818,77
1941,BRO,NYC15,1.0237481796796237,79
1941,BSN,BOS08,0.8789105631210895,76
1941,CHA,CHI10,0.8122362869198313,79
1941,CHN,CHI11,0.8692809276953923,77
1941,CIN,CIN07,0.9208385283489361,79
1941,CLE,CLE06,0.9818409994105455,77
1941,DET,DET04,1.1443281011090252,77
1941,NY1,NYC14,1.0961832061068701,78
1941,NYA,NYC16,0.8974025974025974,78
1941,PHA,PHI11,1.07620320855615,77
1941,PHI,PHI11,1.0140819606267577,76
1941,PIT,PIT06,1.0476190476190474,78
1941,SLA,STL07,1.04098776753402,79
1941,SLN,STL07,1.1806674338319907,79
1941,WS1,WAS09,0.9766839378238341,78
1942,BOS,BOS07,1.0471152125057177,77
1942,BRO,NYC15,0.9743787715626714,79
1942,BSN,BOS08,0.9072053604884392,71
1942,CHA,CHI10,0.9605287569573283,70
1942,CHN,CHI11,0.9501602564102566,78
1942,CIN,CIN07,1.0150375939849625,77
1942,CLE,CLE07,0.8078518518518518,80
1942,DET,DET04,1.250526831658907,77
1942,NY1,NYC14,1.0580011335726431,79
1942,NYA,NYC16,0.9011627906976746,77
1942,PHA,PHI11,0.9934018720270061,76
1942,PHI,PHI11,0.9397269241559899,74
1942,PIT,PIT06,1.046904985049315,77
1942,SLA,STL07,1.0884778248272788,77
1942,SLN,STL07,1.103918228279387,78
1942,WS1,WAS09,0.9956470122675108,77
1943,BOS,BOS07,1.0847029077117571,77
1943,BRO,NYC15,1.0349826903582426,77
1943,BSN,BOS08,1.126332911621182,77
1943,CHA,CHI10,1.00962393314367,76
1943,CHN,CHI11,0.9758581116327595,75
1943,CIN,CIN07,0.9419267772408689,78
1943,CLE,CLE07,0.770497278818005,77
1943,DET,DET04,1.1029056792822334,78
1943,NY1,NYC14,0.9679296238929267,77
1943,NYA,NYC16,0.8771936845896784,77
1943,PHA,PHI11,1.1014000089457439,79
1943,PHI,PHI11,0.8892686129131911,78
1943,PIT,PIT06,1.0886995740415937,78
1943,SLA,STL07,1.0170742962621135,77
1943,SLN,STL07,1.0091482369659828,81
1943,WS1,WAS09,1.0846944948578343,76
1944,BOS,BOS07,0.9790209790209791,78
1944,BRO,NYC15,1.0789617438192742,77
1944,BSN,BOS08,0.8880175296966901,78
1944,CHA,CHI10,1.011686143572621,77
1944,CHN,CHI11,1.0202350114502385,78
1944,CIN,CIN07,0.824009324009324,78
1944,CLE,CLE07,1.0268497602346134,78
1944,DET,DET04,1.0788590604026844,78
1944,NY1,NYC14,1.147313361864004,75
1944,NYA,NYC16,1.136207193254173,78
1944,PHA,PHI11,0.9940421420684579,76
1944,PHI,PHI11,1.0099301615015277,79
1944,PIT,PIT06,1.1056410256410256,81
1944,SLA,STL07,1.0142630744849443,77
1944,SLN,STL07,0.9121830550401978,77
1944,WS1,WAS09,0.7891737891737892,77
1945,BOS,BOS07,0.9173000153539075,78
1945,BRO,NYC15,0.9230442593499919,78
1945,BSN,BOS08,1.320352514256091,75
1945,CHA,CHI10,0.9238481139563056,74
1945,CHN,CHI11,0.8859841489689135,76
1945,CIN,CIN07,0.875,77
1945,CLE,CLE07,0.9511784511784512,77
1945,DET,DET04,1.1075771324863883,76
1945,NY1,NYC14,0.9930413735723471,78
1945,NYA,NYC16,1.1728813559322033,76
1945,PHA,PHI11,0.8845091257151558,77
1945,PHI,PHI11,1.012820512820513,77
1945,PIT,PIT06,1.073790022338049,79
1945,SLA,STL07,1.3192562243933184,76
1945,SLN,STL07,0.9438821412505622,78
1945,WS1,WAS09,0.8187403993855605,78
1946,BOS,BOS07,1.3023255813953487,78
1946,BRO,NYC15,1.0237341772151898,79
1946,BSN,BOS08,0.8685015290519876,77
1946,CHA,CHI10,0.9086692905010105,79
1946,CHN,CHI11,0.8508473234082989,77
1946,CIN,CIN07,1.062274782945174,77
1946,CLE,CLE07,0.7468487394957983,77
1946,DET,DET04,1.146137058053252,79
1946,NY1,NYC14,1.0885668276972624,77
1946,NYA,NYC16,0.963317384370016,77
1946,PHA,PHI11,1.1402714932126699,78
1946,PHI,PHI11,0.9340236686390533,78
1946,PIT,PIT06,1.1073578595317728,78
1946,SLA,STL07,1.0000963428263132,77
1946,SLN,STL07,1.0984974958263773,78
1946,WS1,WAS09,0.8628500219909103,76
1947,BOS,BOS07,1.187763075745675,81
1947,BRO,NYC15,1.0744518766257896,78
1947,BSN,BOS08,0.8903133903133903,77
1947,CHA,CHI10,0.931687242798354,75
1947,CHN,CHI11,1.0187955504411201,79
1947,CIN,CIN07,0.8223350253807107,77
1947,CLE,CLE07,0.8806489209715016,78
1947,DET,DET04,1.0875585023400938,80
1947,NY1,NYC14,1.043401166644571,76
1947,NYA,NYC16,0.8821892393320965,77
1947,PHA,PHI11,0.988835725677831,78
1947,PHI,PHI11,0.9941114785835282,77
1947,PIT,PIT06,1.0799125369411846,79
1947,SLA,STL07,1.1062801932367148,77
1947,SLN,STL07,1.0980776178433573,77
1947,WS1,WAS09,0.9484193011647255,77
1948,BOS,BOS07,0.9957106679328902,78
1948,BRO,NYC15,1.0793162393162394,78
1948,BSN,BOS08,0.9793205317577549,76
1948,CHA,CHI10,0.9390002202158115,76
1948,CHN,CHI11,0.8568774601773167,78
1948,CIN,CIN07,1.1141164082340551,77
1948,CLE,CLE07,0.8848753044492471,79
1948,DET,DET04,0.9166666666666666,77
1948,NY1,NYC14,1.0088968904581288,77
1948,NYA,NYC16,0.9553805774278215,77
1948,PHA,PHI11,1.030513176144244,77
1948,PHI,PHI11,0.8888888888888888,76
1948,PIT,PIT06,1.096937212863706,80
1948,SLA,STL07,1.1984866557328167,76
1948,SLN,STL07,0.9898989898989898,77
1948,WS1,WAS09,1.107708258563624,78
1949,BOS,BOS07,1.1295010807866017,77
1949,BRO,NYC15,1.0026178010471205,78
1949,BSN,BOS08,0.9272002897500905,77
1949,CHA,CHI10,0.9645390070921986,77
1949,CHN,CHI11,0.9078212290502793,77
1949,CIN,CIN07,0.9349030470914126,78
1949,CLE,CLE07,0.8725637181409295,77
1949,DET,DET04,1.1351054653806947,78
1949,NY1,NYC14,1.0322657133476818,79
1949,NYA,NYC16,0.9606066880629465,78
1949,PHA,PHI11,0.9714673913043479,77
1949,PHI,PHI11,0.9910179640718562,77
1949,PIT,PIT06,1.0497866287339972,77
1949,SLA,STL07,1.0929596719070405,77
1949,SLN,STL07,1.178541289933695,79
1949,WS1,WAS09,0.8808290155440415,77
1950,BOS,BOS07,1.350449293966624,77
1950,BRO,NYC15,1.146051564208373,78
1950,BSN,BOS08,0.7023454951600894,79
1950,CHA,CHI10,0.9222218237888623,79
1950,CHN,CHI11,1.1402391064967752,78
1950,CIN,CIN07,1.117543859649123,76
1950,CLE,CLE07,0.8904377475806048,77
1950,DET,DET04,0.8819048501985506,81
1950,NY1,NYC14,0.921705089169204,76
1950,NYA,NYC16,0.9411525974025975,77
1950,PHA,PHI11,0.8342989571263035,77
1950,PHI,PHI11,0.88322456403124,78
1950,PIT,PIT06,1.1331484049930651,77
1950,SLA,STL07,1.2313918196271139,74
1950,SLN,STL07,1.0448662640207076,76
1950,WS1,WAS09,0.9937694704049844,78
1951,BOS,BOS07,1.18043458159963,75
1951,BRO,NYC15,0.9345014601585315,78
1951,BSN,BOS08,0.9439555265826451,78
1951,CHA,CHI10,0.8903971845148316,78
1951,CHN,CHI11,0.9722346618898343,77
1951,CIN,CIN07,0.9998526594960955,77
1951,CLE,CLE07,0.8095419225126339,77
1951,DET,DET04,1.1411411411411412,77
1951,NY1,NYC14,1.001488255334409,78
1951,NYA,NYC16,0.7647798742138364,78
1951,PHA,PHI11,1.1554422799969681,79
1951,PHI,PHI11,0.9140740740740741,77
1951,PIT,PIT06,1.2365111638239392,78
1951,SLA,STL07,1.1955882352941176,77
1951,SLN,STL07,1.0085984028801778,79
1951,WS1,WAS09,0.9257232485186477,76
1952,BOS,BOS07,1.1702127659574468,77
1952,BRO,NYC15,0.9993440779610195,80
1952,BSN,BOS08,0.8912412702859543,77
1952,CHA,CHI10,0.9485613722621548,79
1952,CHN,CHI11,1.0641313084309827,77
1952,CIN,CIN07,1.0062992125984254,77
1952,CLE,CLE07,0.7740996117284777,77
1952,DET,DET04,1.0339273129970803,77
1952,NY1,NYC14,1.0466165413533834,77
1952,NYA,NYC16,0.9022222222222223,77
1952,PHA,PHI11,1.2872689326177698,78
1952,PHI,PHI11,0.9685649009984769,76
1952,PIT,PIT06,1.080199421431649,77
1952,SLA,STL07,0.9827592805204747,78
1952,SLN,STL07,0.9420505200594355,77
1952,WS1,WAS09,0.9732958098811757,78
1953,BOS,BOS07,1.1653852912749318,76
1953,BRO,NYC15,1.0568042369049926,78
1953,CHA,CHI10,1.0729001584786053,78
1953,CHN,CHI11,1.11139146567718,77
1953,CIN,CIN07,1.0057554452715742,78
1953,CLE,CLE07,0.8614662817075686,78
1953,DET,DET04,1.0559085133418042,79
1953,MLN,MIL05,0.7952467062774476,79
1953,NY1,NYC14,0.9672392124005027,77
1953,NYA,NYC16,0.7755300999268828,77
1953,PHA,PHI11,1.1030132884147483,78
1953,PHI,PHI11,0.9328671328671329,78
1953,PIT,PIT06,1.122362869198312,77
1953,SLA,STL07,1.203305785123967,77
1953,SLN,STL07,1.0141891891891892,78
1953,WS1,WAS09,0.8466760168302945,75
1954,BAL,BAL11,0.9087893864013267,77
1954,BOS,BOS07,1.0512962246420874,79
1954,BRO,NYC15,1.0375838926174497,77
1954,CHA,CHI10,1.003336270930379,78
1954,CHN,CHI11,1.05034965034965,77
1954,CIN,CIN07,1.1163120567375888,77
1954,CLE,CLE07,1.0358708815300455,77
1954,DET,DET04,1.003293357360343,77
1954,MLN,MIL05,0.7768115942028986,77
1954,NY1,NYC14,1.0263157894736843,76
1954,NYA,NYC16,0.9256555531343067,78
1954,PHA,PHI11,1.0809900244682853,77
1954,PHI,PHI11,0.9251187811677857,78
1954,PIT,PIT06,0.9943100995732577,77
1954,SLN,STL07,1.0582901554404145,77
1954,WS1,WAS09,0.9841743745853336,78
1955,BAL,BAL11,0.8017115350329828,79
1955,BOS,BOS07,1.5550193963478096,78
1955,BRO,NYC15,1.070054945054945,77
1955,CHA,CHI10,0.9457601222307105,77
1955,CHN,CHI11,1.0074962518740629,77
1955,CIN,CIN07,1.1281296023564065,77
1955,CLE,CLE07,1.0360501567398117,77
1955,DET,DET04,0.9209115281501339,77
1955,KC1,KAN05,1.1393419272131613,76
1955,MLN,MIL05,0.8229974160206719,77
1955,NY1,NYC14,0.9535188397239547,79
1955,NYA,NYC16,0.8879432624113475,77
1955,PHI,PHI11,1.0287443267776097,77
1955,PIT,PIT06,0.9665703275529864,75
1955,SLN,STL07,1.0419681620839363,77
1955,WS1,WAS09,0.8542780748663104,77
1956,BAL,BAL11,0.8600583090379009,77
1956,BOS,BOS07,1.069108669108669,78
1956,BRO,NYC15,1.0260736196319018,77
1956,CHA,CHI10,1.052401746724891,77
1956,CHN,CHI11,1.0601449275362318,80
1956,CIN,CIN07,1.1154739688464028,77
1956,CLE,CLE07,0.9536679536679536,77
1956,DET,DET04,0.915570612461804,78
1956,KC1,KAN05,1.0833333333333333,77
1956,MLN,MIL05,0.9221361598043213,77
1956,NY1,NYC14,0.9349593495934959,77
1956,NYA,NYC16,0.92496765847348,77
1956,PHI,PHI11,0.9155313351498637,77
1956,PIT,PIT06,1.040954415954416,78
1956,SLN,STL07,0.9942028985507246,78
1956,WS1,WAS09,1.14149008885851,77
1957,BAL,BAL11,0.8119266055045871,77
1957,BOS,BOS07,1.2367149758454106,77
1957,BRO,NYC15,1.329090909090909,77
1957,CHA,CHI10,0.932009167303285,77
1957,CHN,CHI11,0.9396551724137931,78
1957,CIN,CIN07,1.1797432239657633,77
1957,CLE,CLE07,1.0751391465677178,77
1957,DET,DET04,1.1431064572425826,77
1957,KC1,KAN05,1.004724409448819,77
1957,MLN,MIL05,0.756753663003663,78
1957,NY1,NYC14,1.0676923076923077,77
1957,NYA,NYC16,0.7957142857142857,77
1957,PHI,PHI11,0.9437689969604863,78
1957,PIT,PIT06,0.8745847176079734,77
1957,SLN,STL07,1.0071530758226035,77
1957,WS1,WAS09,1.0390173410404624,77
1958,BAL,BAL11,0.8295218295218295,78
1958,BOS,BOS07,1.136899797450256,77
1958,CHA,CHI10,0.9365057130850658,77
1958,CHN,CHI11,1.039829302987198,77
1958,CIN,CIN07,1.1468189233278956,77
1958,CLE,CLE07,0.8779753104671791,76
1958,DET,DET04,1.0703764320785598,77
1958,KC1,KAN05,1.1610845295055823,78
1958,LAN,LOS01,1.1488721804511277,77
1958,MLN,MIL05,0.6983240223463686,77
1958,NYA,NYC16,1.0232958098811757,78
1958,PHI,PHI11,1.0056258790436006,77
1958,PIT,PIT06,0.8498542274052479,77
1958,SFN,SFO01,1.0042194092827004,77
1958,SLN,STL07,1.1547231270358307,77
1958,WS1,WAS09,0.9756838905775075,78
1959,BAL,BAL11,0.9002175095160414,78
1959,BOS,BOS07,1.148036253776435,77
1959,CHA,CHI10,0.8705357142857143,78
1959,CHN,CHI11,0.9678683385579937,77
1959,CIN,CIN07,1.1095505617977528,77
1959,CLE,CLE07,0.9080932784636487,77
1959,DET,DET04,1.282780410742496,77
1959,KC1,KAN05,1.0793650793650793,77
1959,LAN,LOS01,1.025036818851252,78
1959,MLN,MIL05,0.8521455958821367,79
1959,NYA,NYC16,0.823051948051948,77
1959,PHI,PHI11,1.01133066729397,78
1959,PIT,PIT06,1.0644948272066916,77
1959,SFN,SFO01,0.8615819209039548,77
1959,SLN,STL07,1.1310452418096726,77
1959,WS1,WAS09,1.021439509954058,77
1960,BAL,BAL11,1.0031104199066874,77
1960,BOS,BOS07,1.1292719167904905,77
1960,CHA,CHI10,0.9941262848751835,77
1960,CHN,CHI11,1.0199518656647868,79
1960,CIN,CIN07,0.985096870342772,77
1960,CLE,CLE07,0.9596541786743517,77
1960,DET,DET04,1.0205696202531644,77
1960,KC1,KAN05,1.017891737891738,78
1960,LAN,LOS01,1.3154981549815499,77
1960,MLN,MIL05,0.7948051948051948,77
1960,NYA,NYC16,0.8414545454545456,77
1960,PHI,PHI11,1.1932624113475176,77
1960,PIT,PIT06,0.9449549958399517,78
1960,SFN,SFO02,0.755116883116883,77
1960,SLN,STL07,1.1564646957138425,77
1960,WS1,WAS09,1.054054054054054,77
1961,BAL,BAL11,0.881133641218069,82
1961,BOS,BOS07,1.0563464410154306,82
1961,CHA,CHI10,0.9737166991552957,81
1961,CHN,CHI11,1.0509641873278237,78
1961,CIN,CIN07,1.0558069381598794,77
1961,CLE,CLE07,0.9297085003299693,81
1961,DET,DET04,0.8814829512500382,82
1961,KC1,KAN05,1.096352074966533,80
1961,LAA,LOS02,1.286502091121063,82
1961,LAN,LOS01,1.0427960057061343,77
1961,MIN,MIN02,1.1628833134209478,81
1961,MLN,MIL05,0.8008431359216699,77
1961,NYA,NYC16,0.8625133069577514,81
1961,PHI,PHI11,0.9154848875519266,78
1961,PIT,PIT06,0.9754689754689755,77
1961,SFN,SFO02,0.9391660970608339,77
1961,SLN,STL07,1.2836646016176216,78
1961,WS2,WAS09,0.9173451932945604,79
1962,BAL,BAL11,0.7733972359912025,82
1962,BOS,BOS07,1.066786716805254,79
1962,CHA,CHI10,0.8673050615595075,81
1962,CHN,CHI11,1.1776119402985075,81
1962,CIN,CIN07,1.01763907734057,81
1962,CLE,CLE07,0.9574759945130314,81
1962,DET,DET04,1.2399784565669,82
1962,HOU,HOU01,0.846177933961936,82
1962,KC1,KAN05,1.1553133514986378,81
1962,LAA,LOS03,1.0371959942775393,81
1962,LAN,LOS03,0.8199647579616922,83
1962,MIN,MIN02,1.096794522414498,82
1962,MLN,MIL05,0.953781512605042,81
1962,NYA,NYC16,0.8416970802919709,80
1962,NYN,NYC14,1.18828125,80
1962,PHI,PHI11,0.8952220077220077,80
1962,PIT,PIT06,1.0086363551209276,81
1962,SFN,SFO02,0.9968200061747454,82
1962,SLN,STL07,1.163667903079961,81
1962,WS2,WAS10,1.0234422492401218,80
1963,BAL,BAL11,0.8440233236151603,81
1963,BOS,BOS07,1.1515015600624026,80
1963,CHA,CHI10,1.0430633817299388,82
1963,CHN,CHI11,1.094890510948905,81
1963,CIN,CIN07,1.0769230769230769,81
1963,CLE,CLE07,0.943313953488372,81
1963,DET,DET04,1.0971599402092675,81
1963,HOU,HOU01,0.84,81
1963,KC1,KAN05,1.187396351575456,81
1963,LAA,LOS03,0.8194511833522022,81
1963,LAN,LOS03,0.852501624431449,81
1963,MIN,MIN02,0.983335132994997,81
1963,MLN,MIL05,1.0128125964803951,82
1963,NYA,NYC16,0.9578125,80
1963,NYN,NYC14,1.0631067961165048,81
1963,PHI,PHI11,1.040133779264214,81
1963,PIT,PIT06,0.9628378378378379,81
1963,SFN,SFO02,0.9131652661064426,81
1963,SLN,STL07,1.1653543307086613,81
1963,WS2,WAS10,1.0161891117478512,80
1964,BAL,BAL11,1.0669611954884157,82
1964,BOS,BOS07,1.0977337110481589,81
1964,CHA,CHI10,0.8317307692307693,81
1964,CHN,CHI11,1.1486697965571204,81
1964,CIN,CIN07,1.0272513290856702,82
1964,CLE,CLE07,1.0750750750750753,82
1964,DET,DET04,0.9092764567813043,82
1964,HOU,HOU01,0.9131175468483815,81
1964,KC1,KAN05,1.182576425631981,81
1964,LAA,LOS03,0.7136150234741784,81
1964,LAN,LOS03,0.7945959931987876,81
1964,MIN,MIN02,1.0291415901171999,82
1964,MLN,MIL05,0.9681933842239185,81
1964,NYA,NYC16,1.0231245516668552,81
1964,NYN,NYC17,0.9545892169448009,82
1964,PHI,PHI11,0.9629629629629629,81
1964,PIT,PIT06,1.0170807453416149,81
1964,SFN,SFO02,0.973015873015873,81
1964,SLN,STL07,1.266998341625207,81
1964,WS2,WAS10,1.0580847723704865,81
1965,BAL,BAL11,0.9662513704774245,79
1965,BOS,BOS07,1.2392638036809815,81
1965,CAL,LOS03,0.9219670710571924,80
1965,CHA,CHI10,0.7860326894502228,81
1965,CHN,CHI11,1.069277108433735,83
1965,CIN,CIN07,1.1031636863823933,81
1965,CLE,CLE07,0.9484675990500245,82
1965,DET,DET04,1.1016393442622952,81
1965,HOU,HOU02,0.7852161785216178,81
1965,KC1,KAN05,0.9881305637982195,81
1965,LAN,LOS03,0.7558320373250389,81
1965,MIN,MIN02,1.0,81
1965,MLN,MIL05,1.0822981366459627,81
1965,NYA,NYC16,1.0115981753840488,83
1965,NYN,NYC17,1.0476190476190477,82
1965,PHI,PHI11,0.8847672778561354,80
1965,PIT,PIT06,0.9583413102576864,82
1965,SFN,SFO02,1.201617855705906,81
1965,SLN,STL07,1.154446177847114,81
1965,WS2,WAS10,1.0372670807453415,81
1966,ATL,ATL01,0.9784099946977731,82
1966,BAL,BAL11,1.0043610828790541,79
1966,BOS,BOS07,1.2536585365853659,81
1966,CAL,ANA01,0.9825119236883944,81
1966,CHA,CHI10,0.8253733489451738,81
1966,CHN,CHI11,1.072753209700428,81
1966,CIN,CIN07,1.337148237263312,79
1966,CLE,CLE07,1.0103986135181977,81
1966,DET,DET04,1.0746705710102489,81
1966,HOU,HOU02,0.9566064079952968,81
1966,KC1,KAN05,0.8832983927323549,81
1966,LAN,LOS03,0.8576271186440678,81
1966,MIN,MIN02,1.2293906810035842,81
1966,NYA,NYC16,0.863665766142841,82
1966,NYN,NYC17,0.9142857142857143,81
1966,PHI,PHI11,1.015082956259427,81
1966,PIT,PIT06,1.0028612303290414,81
1966,SFN,SFO02,0.92445620223398,81
1966,SLN,STL09,0.9590443686006825,81
1966,WS2,WAS10,0.9012761432116272,78
1967,ATL,ATL01,1.1077943615257047,81
1967,BAL,BAL11,0.8847780126849896,77
1967,BOS,BOS07,1.331588132635253,81
1967,CAL,ANA01,0.8983459260771901,83
1967,CHA,CHI10,0.814467749704427,82
1967,CHN,CHI11,1.0320746132848044,84
1967,CIN,CIN07,1.1731843575418994,81
1967,CLE,CLE07,1.013745704467354,81
1967,DET,DET04,0.9785151770012998,82
1967,HOU,HOU02,0.9106145251396648,81
1967,KC1,KAN05,1.0264851746333228,81
1967,LAN,LOS03,0.7325038880248834,81
1967,MIN,MIN02,1.1396902206505781,81
1967,NYA,NYC16,0.8815013729607495,82
1967,NYN,NYC17,1.0057215511760966,78
1967,PHI,PHI11,1.0796901893287436,80
1967,PIT,PIT06,1.0272112543282392,81
1967,SFN,SFO02,0.9837534101551367,82
1967,SLN,STL09,0.9908148148148148,81
1967,WS2,WAS10,1.066803633217993,80
1968,ATL,ATL01,0.8398461571152335,81
1968,BAL,BAL11,1.0174074074074075,80
1968,BOS,BOS07,1.038269550748752,81
1968,CAL,ANA01,0.9025641025641025,81
1968,CHA,CHI10,1.0121951219512195,81
1968,CHN,CHI11,1.3002355875831488,82
1968,CIN,CIN07,1.3097685840339632,82
1968,CLE,CLE07,0.9921875000000001,81
1968,DET,DET04,1.0995796747430735,81
1968,HOU,HOU02,0.9963636363636363,81
1968,LAN,LOS03,0.7735507246376812,81
1968,MIN,MIN02,1.134874759152216,81
1968,NYA,NYC16,1.0094161958568737,82
1968,NYN,NYC17,1.0208694764771917,82
1968,OAK,OAK01,0.9552341746233594,83
1968,PHI,PHI11,0.9727427597955707,81
1968,PIT,PIT06,1.0105314394442233,81
1968,SFN,SFO02,0.9330136496519235,81
1968,SLN,STL09,0.8508771929824561,81
1968,WS2,WAS10,0.8704485075793092,81
1969,ATL,ATL01,1.062402496099844,81
1969,BAL,BAL11,1.015552099533437,81
1969,BOS,BOS07,1.1249999999999998,81
1969,CAL,ANA01,0.9852595069986374,81
1969,CHA,CHI10,1.213464696223317,81
1969,CHN,CHI11,1.12257761421916,82
1969,CIN,CIN07,1.0046178494015643,81
1969,CLE,CLE07,0.9054720892264231,81
1969,DET,DET04,1.0471698113207546,81
1969,HOU,HOU02,1.0363636363636364,81
1969,KCA,KAN05,1.0718733783082512,82
1969,LAN,LOS03,0.9357945425361155,81
1969,MIN,MIN02,1.0229885057471264,81
1969,MON,MON01,1.0677710843373494,81
1969,NYA,NYC16,0.8745564516129033,80
1969,NYN,NYC17,0.9607527547356691,82
1969,OAK,OAK01,0.834411384217335,81
1969,PHI,PHI11,1.0,81
1969,PIT,PIT06,0.8837209302325582,81
1969,SDN,SAN01,0.9675850891410048,81
1969,SE1,SEA01,1.0128478186190313,82
1969,SFN,SFO02,1.0134328358208957,81
1969,SLN,STL09,0.950169779286927,80
1969,WS2,WAS10,0.9251798561151079,81
1970,ATL,ATL01,1.1090909090909091,81
1970,BAL,BAL11,0.8867403314917126,81
1970,BOS,BOS07,1.247391952309985,81
1970,CAL,ANA01,0.8014285714285715,81
1970,CHA,CHI10,1.1824776785714286,84
1970,CHN,CHI11,1.4300403225806453,80
1970,CIN,CIN08,1.0623229461756374,81
1970,CLE,CLE07,1.3309859154929577,81
1970,DET,DET04,1.0850746268656717,81
1970,HOU,HOU02,0.869727047146402,81
1970,KCA,KAN05,0.9826507818317199,79
1970,LAN,LOS03,0.7661358177673749,81
1970,MIL,MIL05,0.991775520077407,81
1970,MIN,MIN02,0.9326647564469914,81
1970,MON,MON01,1.0277479892761394,80
1970,NYA,NYC16,0.809312562330204,81
1970,NYN,NYC17,1.0537197993643987,82
1970,OAK,OAK01,0.8998505231689088,81
1970,PHI,PHI11,0.9191282420749278,80
1970,PIT,PIT06,0.9066954935477333,82
1970,SDN,SAN01,0.9227748691099478,81
1970,SFN,SFO02,0.9312354312354312,81
1970,SLN,STL09,1.1422413793103448,81
1970,WS2,WAS10,0.9281524926686217,81
1971,ATL,ATL01,1.2359920896506262,82
1971,BAL,BAL11,1.02581269662015,77
1971,BOS,BOS07,1.133062015503876,80
1971,CAL,ANA01,0.9515260323159783,81
1971,CHA,CHI10,0.9392971246006391,81
1971,CHN,CHI11,1.2155172413793105,81
1971,CIN,CIN08,0.903752039151713,81
1971,CLE,CLE07,1.1753794266441822,81
1971,DET,DET04,0.9092198581560282,81
1971,HOU,HOU02,0.8199052132701422,81
1971,KCA,KAN05,0.9495401441710167,81
1971,LAN,LOS03,0.953125,81
1971,MIL,MIL05,1.0682881828818287,82
1971,MIN,MIN02,1.1091473608789109,79
1971,MON,MON01,1.0084434654919237,80
1971,NYA,NYC16,0.938345864661654,81
1971,NYN,NYC17,0.8935108153078203,81
1971,OAK,OAK01,0.9798157946306094,81
1971,PHI,PHI12,1.0871021775544387,81
1971,PIT,PIT07,0.9633566433566435,80
1971,SDN,SAN01,0.9214623206392752,81
1971,SFN,SFO02,0.9911504424778761,81
1971,SLN,STL09,1.0298988359201775,82
1971,WS2,WAS10,0.8579954361944884,81
1972,ATL,ATL01,1.1509221772379667,78
1972,BAL,BAL11,0.9056224899598393,77
1972,BOS,BOS07,1.1426940639269405,78
1972,CAL,ANA01,0.7510264598540146,80
1972,CHA,CHI10,1.1307140348236238,78
1972,CHN,CHI11,1.2884754884754885,77
1972,CIN,CIN08,0.8322274166792339,76
1972,CLE,CLE07,1.1511999777524402,77
1972,DET,DET04,1.2711864406779663,78
1972,HOU,HOU02,1.1456967469829207,77
1972,KCA,KAN05,1.0125223613595706,77
1972,LAN,LOS03,0.8355270197966828,75
1972,MIL,MIL05,0.922374946219515,79
1972,MIN,MIN02,1.1562141291871022,74
1972,MON,MON01,1.054945054945055,78
1972,NYA,NYC16,0.8325220997489904,77
1972,NYN,NYC17,0.880952380952381,78
1972,OAK,OAK01,0.892649903288201,77
1972,PHI,PHI12,0.9509933192686357,79
1972,PIT,PIT07,1.0154797422925586,78
1972,SDN,SAN01,0.7817230273752014,80
1972,SFN,SFO02,1.0176337424043844,77
1972,SLN,STL09,1.1062993945556223,77
1972,TEX,ARL01,0.9240282685512368,77
1973,ATL,ATL01,1.326923076923077,81
1973,BAL,BAL11,1.1107544141252006,81
1973,BOS,BOS07,1.111280487804878,81
1973,CAL,ANA01,0.9023668639053254,81
1973,CHA,CHI10,1.056060606060606,81
1973,CHN,CHI11,1.180098122866894,80
1973,CIN,CIN08,0.8281879194630872,81
1973,CLE,CLE07,0.9841897233201581,81
1973,DET,DET04,1.0091603053435114,81
1973,HOU,HOU02,0.8896648044692738,81
1973,KCA,KAN06,1.2129221732745965,81
1973,LAN,LOS03,0.96513470681458,81
1973,MIL,MIL05,0.9263721552878181,81
1973,MIN,MIN02,1.0815138282387193,81
1973,MON,MON01,1.098009188361409,81
1973,NYA,NYC16,0.9888712241653419,81
1973,NYN,NYC17,0.9843566437890311,81
1973,OAK,OAK01,0.7013630731102849,81
1973,PHI,PHI12,1.1919354838709677,81
1973,PIT,PIT07,0.8333333333333335,81
1973,SDN,SAN01,0.9101449275362318,81
1973,SFN,SFO02,1.1098096632503662,81
1973,SLN,STL09,0.7774607703281027,81
1973,TEX,ARL01,0.9931880108991826,81
1974,ATL,ATL01,1.06321732117377,81
1974,BAL,BAL11,0.823529411764706,81
1974,BOS,BOS07,1.140378548895899,81
1974,CAL,ANA01,0.8395061728395061,81
1974,CHA,CHI10,1.053174318507891,82
1974,CHN,CHI11,1.0563961485557083,81
1974,CIN,CIN08,0.9345207974901326,82
1974,CLE,CLE07,1.0269058295964124,81
1974,DET,DET04,1.1653666146645865,81
1974,HOU,HOU02,0.9410876132930514,81
1974,KCA,KAN06,1.1400966183574879,81
1974,LAN,LOS03,0.8023872679045093,81
1974,MIL,MIL05,1.0550314465408805,81
1974,MIN,MIN02,1.020731707317073,82
1974,MON,MON01,1.0939471608832807,80
1974,NYA,NYC17,0.891812865497076,81
1974,NYN,NYC17,0.9837133550488599,81
1974,OAK,OAK01,0.9682539682539683,81
1974,PHI,PHI12,1.080060422960725,81
1974,PIT,PIT07,0.9420689655172413,81
1974,SDN,SAN01,0.9094707520891364,81
1974,SFN,SFO02,1.1922455573505653,81
1974,SLN,STL09,1.0654223777583356,81
1974,TEX,ARL01,0.9205811554332874,80
1975,ATL,ATL01,0.9217846820809248,80
1975,BAL,BAL11,0.7566643882433356,77
1975,BOS,BOS07,1.1864579355988292,81
1975,CAL,ANA01,0.8969798423659064,81
1975,CHA,CHI10,1.0789628868724914,81
1975,CHN,CHI11,1.1375,81
1975,CIN,CIN08,1.0547550432276656,81
1975,CLE,CLE07,0.9946248196248195,80
1975,DET,DET04,1.1245662460567825,80
1975,HOU,HOU02,0.8991712707182319,81
1975,KCA,KAN06,1.0193164933135215,81
1975,LAN,LOS03,0.8411214953271029,81
1975,MIL,MIL05,1.0346740638002774,81
1975,MIN,MIN02,1.125697913605642,82
1975,MON,MON01,1.188135593220339,81
1975,NYA,NYC17,0.9854766099040907,78
1975,NYN,NYC17,0.8801775147928994,81
1975,OAK,OAK01,0.8162450066577897,81
1975,PHI,PHI12,1.0356125356125356,81
1975,PIT,PIT07,0.9495068285280728,80
1975,SDN,SAN01,0.9983818770226537,81
1975,SFN,SFO02,1.0363522227929005,81
1975,SLN,STL09,1.0716463414634145,82
1975,TEX,ARL01,1.0011953551912567,80
1976,ATL,ATL01,1.2719449225473323,81
1976,BAL,BAL11,0.9286846275752774,81
1976,BOS,BOS07,1.2337662337662338,81
1976,CAL,ANA01,0.8225308641975309,81
1976,CHA,CHI10,1.0232061933534744,80
1976,CHN,CHI11,1.2353923205342237,81
1976,CIN,CIN08,1.049518569463549,81
1976,CLE,CLE07,0.9834469328140214,79
1976,DET,DET04,1.099011075949367,80
1976,HOU,HOU02,0.7122872848161681,82
1976,KCA,KAN06,0.9790732436472346,81
1976,LAN,LOS03,0.9508474576271185,81
1976,MIL,MIL05,0.9892681352376341,81
1976,MIN,MIN02,0.9794801641586868,81
1976,MON,MON01,1.0496,80
1976,NYA,NYC16,0.9591578549848941,80
1976,NYN,NYC17,0.7847627772052369,82
1976,OAK,OAK01,0.9723891846509054,81
1976,PHI,PHI12,1.1198083067092652,81
1976,PIT,PIT07,0.9532846715328467,81
1976,SDN,SAN01,0.7998554913294798,80
1976,SFN,SFO02,1.0829268292682925,81
1976,SLN,STL09,1.1001615508885298,81
1976,TEX,ARL01,1.048465266558966,81
1977,ATL,ATL01,1.351270553064275,81
1977,BAL,BAL11,0.8263506701703934,81
1977,BOS,BOS07,1.3651345291479822,80
1977,CAL,ANA01,0.8792866941015088,81
1977,CHA,CHI10,0.9913686806411838,81
1977,CHN,CHI11,1.3155339805825241,81
1977,CIN,CIN08,0.9986910994764399,81
1977,CLE,CLE07,0.9560603719157266,81
1977,DET,DET04,1.1079136690647482,81
1977,HOU,HOU02,0.8219178082191781,81
1977,KCA,KAN06,0.9771812080536912,81
1977,LAN,LOS03,0.9523121387283235,81
1977,MIL,MIL05,0.9128065395095368,81
1977,MIN,MIN02,1.0721334586466167,80
1977,MON,MON02,0.9732394366197183,81
1977,NYA,NYC16,0.9372549019607842,81
1977,NYN,NYC17,0.906581901186591,79
1977,OAK,OAK01,0.9092023465545923,81
1977,PHI,PHI12,0.9855832241153343,81
1977,PIT,PIT07,1.0334302325581395,81
1977,SDN,SAN01,0.7764842840512224,81
1977,SEA,SEA02,0.9537648612945839,81
1977,SFN,SFO02,1.096969696969697,81
1977,SLN,STL09,0.9010961880308119,83
1977,TEX,ARL01,1.0727802037845706,81
1977,TOR,TOR01,1.0936771137026238,80
1978,ATL,ATL01,1.303754266211604,81
1978,BAL,BAL11,0.7895732315416625,81
1978,BOS,BOS07,1.1416913946587537,82
1978,CAL,ANA01,1.0253731343283583,81
1978,CHA,CHI10,1.038037833827893,80
1978,CHN,CHI11,1.251604621309371,82
1978,CIN,CIN08,1.06602422907489,80
1978,CLE,CLE07,0.8656226854301132,78
1978,DET,DET04,1.1561514195583595,81
1978,HOU,HOU02,0.8829787234042552,81
1978,KCA,KAN06,1.027982326951399,81
1978,LAN,LOS03,0.9490254872563718,81
1978,MIL,MIL05,1.107246376811594,81
1978,MIN,MIN02,0.8823529411764706,81
1978,MON,MON02,0.9011329305135953,80
1978,NYA,NYC16,0.9368637643491444,81
1978,NYN,NYC17,0.9831948640483384,80
1978,OAK,OAK01,1.0250000000000001,80
1978,PHI,PHI12,1.0939624150339864,82
1978,PIT,PIT07,1.1099202095986662,81
1978,SDN,SAN01,0.8208269525267995,81
1978,SEA,SEA02,1.0954346330690417,81
1978,SFN,SFO02,0.7961309523809524,81
1978,SLN,STL09,0.9016641452344932,81
1978,TEX,ARL01,0.9046046792345652,82
1978,TOR,TOR01,1.0396361273554255,81
1979,ATL,ATL01,1.240506329113924,79
1979,BAL,BAL11,0.8944435542737097,79
1979,BOS,BOS07,1.140689655172414,80
1979,CAL,ANA01,0.8421645997745209,81
1979,CHA,CHI10,1.0563012936430658,79
1979,CHN,CHI11,1.2790322580645161,81
1979,CIN,CIN08,0.92918410041841,80
1979,CLE,CLE07,1.1355311355311357,81
1979,DET,DET04,0.9177781289506953,80
1979,HOU,HOU02,0.7598187311178247,81
1979,KCA,KAN06,1.1262755102040816,81
1979,LAN,LOS03,1.005509641873278,81
1979,MIL,MIL05,0.9837862231247785,81
1979,MIN,MIN02,1.1769005847953218,81
1979,MON,MON02,1.0125223262478165,81
1979,NYA,NYC16,0.8827996921944528,81
1979,NYN,NYC17,0.9047593352039716,82
1979,OAK,OAK01,0.79125,81
1979,PHI,PHI12,0.9385433117666039,81
1979,PIT,PIT07,1.0986928104575162,81
1979,SDN,SAN01,0.9279773227406661,81
1979,SEA,SEA02,1.0251322751322751,81
1979,SFN,SFO02,0.862565445026178,81
1979,SLN,STL09,1.1022904359801398,82
1979,TEX,ARL01,0.9808481532147741,81
1979,TOR,TOR01,1.1131805157593124,81
1980,ATL,ATL01,1.0251365054602186,80
1980,BAL,BAL11,0.9821673525377229,81
1980,BOS,BOS07,1.04971911057288,81
1980,CAL,ANA01,0.9381905965458022,81
1980,CHA,CHI10,0.9306784660766961,81
1980,CHN,CHI11,1.1680129240710824,81
1980,CIN,CIN08,1.0363131533101047,82
1980,CLE,CLE07,1.0700723327305606,79
1980,DET,DET04,1.1220825263434329,82
1980,HOU,HOU02,0.9208876581669936,81
1980,KCA,KAN06,0.9494163424124512,81
1980,LAN,LOS03,0.903351331223236,82
1980,MIL,MIL05,0.8705060434634765,82
1980,MIN,MIN02,1.1894110764430577,80
1980,MON,MON02,0.9692279411764705,80
1980,NYA,NYC16,0.9551451187335093,81
1980,NYN,NYC17,0.9334448038966232,82
1980,OAK,OAK01,0.8599439775910364,81
1980,PHI,PHI12,1.1527559055118108,81
1980,PIT,PIT07,1.0661417322834645,81
1980,SDN,SAN01,0.8521075315947111,81
1980,SEA,SEA02,1.0949554896142435,81
1980,SFN,SFO02,0.9015671773199506,81
1980,SLN,STL09,1.0834532374100718,81
1980,TEX,ARL01,1.013024246395806,80
1980,TOR,TOR01,1.011611030478955,81
1981,ATL,ATL01,0.9902764976958526,50
1981,BAL,BAL11,0.9743366681165724,55
1981,BOS,BOS07,1.1469712015888778,53
1981,CAL,ANA01,1.0943952802359882,54
1981,CHA,CHI10,0.9885361552028218,49
1981,CHN,CHI11,1.1333333333333333,58
1981,CIN,CIN08,1.017857142857143,54
1981,CLE,CLE07,0.8647775292070594,54
1981,DET,DET04,1.0889709275496078,55
1981,HOU,HOU02,0.6946284032376747,51
1981,KCA,KAN06,0.9704438240107827,47
1981,LAN,LOS03,0.9130434782608695,56
1981,MIL,MIL05,0.9105180533751963,49
1981,MIN,MIN02,1.129960272158546,61
1981,MON,MON02,0.9578710124826629,56
1981,NYA,NYC16,0.9631449631449631,51
1981,NYN,NYC17,1.0350327966607036,52
1981,OAK,OAK01,0.8888754826254825,56
1981,PHI,PHI12,1.2915791824882734,55
1981,PIT,PIT07,0.9260658391797085,51
1981,SDN,SAN01,0.8766816143497758,55
1981,SEA,SEA02,1.0269395711500973,57
1981,SFN,SFO02,1.1021749898680595,53
1981,SLN,STL09,1.0402125455937314,53
1981,TEX,ARL01,0.7936507936507937,56
1981,TOR,TOR01,1.2649572649572651,53
1982,ATL,ATL01,1.163663663663664,81
1982,BAL,BAL11,0.9783843955605769,82
1982,BOS,BOS07,1.214501510574018,81
1982,CAL,ANA01,0.9839572192513368,81
1982,CHA,CHI10,0.938380281690141,80
1982,CHN,CHI11,1.0921450151057401,81
1982,CIN,CIN08,1.0545144804088586,81
1982,CLE,CLE07,1.0098314606741572,81
1982,DET,DET04,0.9971751412429378,81
1982,HOU,HOU02,0.965289256198347,81
1982,KCA,KAN06,0.9960106382978722,81
1982,LAN,LOS03,0.8640915593705294,81
1982,MIL,MIL05,0.8634658024901927,82
1982,MIN,MIN03,1.0386740331491713,81
1982,MON,MON02,1.0974440894568689,81
1982,NYA,NYC16,0.923076923076923,81
1982,NYN,NYC17,0.9940119760479044,81
1982,OAK,OAK01,0.9260204081632654,81
1982,PHI,PHI12,0.856338028169014,81
1982,PIT,PIT07,1.2362204724409447,81
1982,SDN,SAN01,0.8285322359396434,81
1982,SEA,SEA02,1.2019386106623586,81
1982,SFN,SFO02,0.8655692729766804,81
1982,SLN,STL09,1.0507131537242471,81
1982,TEX,ARL01,0.8597222222222222,81
1982,TOR,TOR01,1.1806451612903224,81
1983,ATL,ATL01,1.1113157894736843,80
1983,BAL,BAL11,0.9768392370572208,81
1983,BOS,BOS07,1.0366847826086958,81
1983,CAL,ANA01,0.9268292682926831,81
1983,CHA,CHI10,1.0365168539325842,81
1983,CHN,CHI11,1.0431654676258992,81
1983,CIN,CIN08,1.0763239875389408,81
1983,CLE,CLE07,1.1332378223495703,81
1983,DET,DET04,0.8893178893178892,81
1983,HOU,HOU02,0.7783107119774126,82
1983,KCA,KAN06,1.0390654397427566,82
1983,LAN,LOS03,0.9753456221198157,80
1983,MIL,MIL05,0.8150431565967942,81
1983,MIN,MIN03,1.1412587412587414,81
1983,MON,MON02,1.026213428039912,81
1983,NYA,NYC16,0.9587765957446808,81
1983,NYN,NYC17,0.9802852022130445,82
1983,OAK,OAK01,0.9225806451612901,81
1983,PHI,PHI12,1.0042682926829267,82
1983,PIT,PIT07,1.0550314465408805,81
1983,SDN,SAN01,0.9757768125626463,82
1983,SEA,SEA02,1.0030864197530864,81
1983,SFN,SFO02,1.029325513196481,81
1983,SLN,STL09,0.9702127659574468,81
1983,TEX,ARL01,0.9994495557128255,81
1983,TOR,TOR01,1.1759656652360515,81
1984,ATL,ATL01,1.2075471698113207,81
1984,BAL,BAL11,0.8644536652835408,81
1984,BOS,BOS07,1.2326241134751772,81
1984,CAL,ANA01,1.0247093023255813,81
1984,CHA,CHI10,1.2389240506329113,81
1984,CHN,CHI11,1.2131191950464397,80
1984,CIN,CIN08,1.1569858712715855,81
1984,CLE,CLE07,1.1436541143654113,81
1984,DET,DET04,0.8870329948435672,82
1984,HOU,HOU02,0.8324099722991689,81
1984,KCA,KAN06,0.9724238026124818,81
1984,LAN,LOS03,1.062937062937063,81
1984,MIL,MIL05,0.8351976137211037,81
1984,MIN,MIN03,1.109546165884194,81
1984,MON,MON02,0.7967886086495494,81
1984,NYA,NYC16,0.8589909443725744,81
1984,NYN,NYC17,0.9969924812030075,81
1984,OAK,OAK01,0.8393285371702638,81
1984,PHI,PHI12,1.0494186046511629,81
1984,PIT,PIT07,0.8555729984301412,81
1984,SDN,SAN01,0.9526627218934911,81
1984,SEA,SEA02,1.0652482269503545,81
1984,SFN,SFO02,0.9695767195767195,81
1984,SLN,STL09,0.9651515151515151,81
1984,TEX,ARL01,1.0095481049562682,80
1984,TOR,TOR01,1.0207818930041153,81
1985,ATL,ATL01,1.1873065015479878,81
1985,BAL,BAL11,0.9801909382094101,81
1985,BOS,BOS07,1.0448273585528487,81
1985,CAL,ANA01,1.003397371779395,79
1985,CHA,CHI10,0.9903381642512077,81
1985,CHN,CHI11,1.3861720067453627,81
1985,CIN,CIN08,1.108320251177394,81
1985,CLE,CLE07,0.9133574007220217,81
1985,DET,DET04,1.12321471798596,81
1985,HOU,HOU02,0.9242424242424242,81
1985,KCA,KAN06,1.0085291036959447,82
1985,LAN,LOS03,0.8196248196248197,81
1985,MIL,MIL05,1.1211864406779661,80
1985,MIN,MIN03,1.0813058847993344,84
1985,MON,MON02,0.8554829339143065,81
1985,NYA,NYC16,0.8846718750000001,80
1985,NYN,NYC17,0.8992481203007519,81
1985,OAK,OAK01,0.8600587437193423,79
1985,PHI,PHI12,1.0552147239263805,81
1985,PIT,PIT07,1.088231707317073,80
1985,SDN,SAN01,1.0254777070063694,81
1985,SEA,SEA02,0.9047000183475017,83
1985,SFN,SFO02,0.8693009118541033,81
1985,SLN,STL09,0.868271954674221,81
1985,TEX,ARL01,1.2055078125,80
1985,TOR,TOR01,0.9727074235807861,80
1986,ATL,ATL01,1.0613827928498742,81
1986,BAL,BAL11,0.9841020673992185,79
1986,BOS,BOS07,0.9718728937548291,81
1986,CAL,ANA01,0.9015451411058613,82
1986,CHA,CHI10,1.0134932533733132,81
1986,CHN,CHI11,1.187125748502994,80
1986,CIN,CIN08,1.0818965517241377,81
1986,CLE,CLE07,0.9696706855176801,81
1986,DET,DET04,0.8923654568210262,81
1986,HOU,HOU02,1.014827018121911,81
1986,KCA,KAN06,0.9865269461077845,81
1986,LAN,LOS03,0.8787446504992867,81
1986,MIL,MIL05,1.0492914244186045,80
1986,MIN,MIN03,1.20979020979021,81
1986,MON,MON02,0.975,80
1986,NYA,NYC16,1.0589403973509934,80
1986,NYN,NYC17,0.8618331053351573,81
1986,OAK,OAK01,0.8699444762361385,83
1986,PHI,PHI12,1.1028237410071944,80
1986,PIT,PIT07,1.0192592592592593,81
1986,SDN,SAN01,0.9126213592233011,81
1986,SEA,SEA02,1.140482354544216,82
1986,SFN,SFO02,0.8908045977011494,81
1986,SLN,STL09,1.0481229528848577,81
1986,TEX,ARL01,0.8996235884567126,81
1986,TOR,TOR01,1.1028806584362139,81
1987,ATL,ATL01,1.220208388057088,81
1987,BAL,BAL11,0.981692111185451,82
1987,BOS,BOS07,0.9899469339622642,80
1987,CAL,ANA01,0.988621997471555,81
1987,CHA,CHI10,1.1778425655976676,81
1987,CHN,CHI11,1.038115845539281,80
1987,CIN,CIN08,1.0799457994579946,81
1987,CLE,CLE07,1.1053283767038413,81
1987,DET,DET04,0.9165687426556992,81
1987,HOU,HOU02,0.8314917127071823,81
1987,KCA,KAN06,1.0615835777126101,81
1987,LAN,LOS03,0.8093922651933702,81
1987,MIL,MIL05,1.05006105006105,81
1987,MIN,MIN03,0.9111644657863145,81
1987,MON,MON02,1.1204644412191582,81
1987,NYA,NYC16,0.9349186483103878,81
1987,NYN,NYC17,0.9525032092426188,81
1987,OAK,OAK01,0.8104426787741204,81
1987,PHI,PHI12,1.093795093795094,81
1987,PIT,PIT07,1.0957142857142859,81
1987,SDN,SAN01,0.9442934782608696,81
1987,SEA,SEA02,1.0593667546174141,81
1987,SFN,SFO02,0.893089960886571,81
1987,SLN,STL09,0.9490196078431373,81
1987,TEX,ARL01,1.0926157697121401,81
1987,TOR,TOR01,0.9841269841269841,81
1988,ATL,ATL01,1.1530608009960572,79
1988,BAL,BAL11,0.927038626609442,80
1988,BOS,BOS07,1.1895043731778425,81
1988,CAL,ANA01,0.8941326530612245,81
1988,CHA,CHI10,0.9595959595959596,81
1988,CHN,CHI11,1.118475129633186,82
1988,CIN,CIN08,1.103146114864865,80
1988,CLE,CLE07,1.0394160583941607,81
1988,DET,DET04,0.8643835616438357,81
1988,HOU,HOU02,0.8543833580980683,81
1988,KCA,KAN06,1.0522058823529412,80
1988,LAN,LOS03,1.0966010733452594,81
1988,MIL,MIL05,1.0473186119873819,81
1988,MIN,MIN03,1.1199999999999999,81
1988,MON,MON02,1.1061135463651188,81
1988,NYA,NYC16,0.91849121706399,80
1988,NYN,NYC17,0.7542613636363636,80
1988,OAK,OAK01,0.8586387434554975,81
1988,PHI,PHI12,1.0699844479004668,81
1988,PIT,PIT07,0.946489257531248,81
1988,SDN,SAN01,0.9274513393129538,81
1988,SEA,SEA02,1.181795419964947,81
1988,SFN,SFO02,0.8674351585014408,81
1988,SLN,STL09,1.0915371329879102,81
1988,TEX,ARL01,1.0408812005618393,81
1988,TOR,TOR01,0.982142857142857,81
1989,ATL,ATL01,1.0747467335249394,79
1989,BAL,BAL11,0.9661495063469674,81
1989,BOS,BOS07,1.1075418994413408,81
1989,CAL,ANA01,0.9333333333333333,81
1989,CHA,CHI10,0.8678571428571427,80
1989,CHN,CHI11,1.1721311475409835,81
1989,CIN,CIN08,1.086750788643533,81
1989,CLE,CLE07,1.072487644151565,81
1989,DET,DET04,0.9820193637621024,81
1989,HOU,HOU02,1.0558814448903984,82
1989,KCA,KAN06,0.8874643874643876,81
1989,LAN,LOS03,0.8174171923469281,81
1989,MIL,MIL05,0.9223300970873787,81
1989,MIN,MIN03,1.1513828238719068,81
1989,MON,MON02,1.0453808752025933,81
1989,NYA,NYC16,1.1206622094874246,81
1989,NYN,NYC17,0.9074626865671642,81
1989,OAK,OAK01,1.0315457413249212,81
1989,PHI,PHI12,1.0578784681733207,81
1989,PIT,PIT07,0.8814082444025947,81
1989,SDN,SAN01,1.0063291139240507,81
1989,SEA,SEA02,1.0819912152269402,81
1989,SFN,SFO02,0.9215976331360948,81
1989,SLN,STL09,0.9981917883606203,83
1989,TEX,ARL01,1.0539358600583089,81
1989,TOR,TOR02,0.8575268817204301,81
1990,ATL,ATL01,1.0759668508287292,81
1990,BAL,BAL11,0.9369190140845071,80
1990,BOS,BOS07,1.0937019969278035,81
1990,CAL,ANA01,1.0469208211143695,81
1990,CHA,CHI10,1.032824427480916,80
1990,CHN,CHI11,1.235114503816794,81
1990,CIN,CIN08,1.0031055900621118,81
1990,CLE,CLE07,1.0040927694406547,81
1990,DET,DET04,1.0518417462482947,81
1990,HOU,HOU02,0.8621212121212121,81
1990,KCA,KAN06,0.9988776655443321,81
1990,LAN,LOS03,0.9120433017591338,81
1990,MIL,MIL05,0.958005249343832,81
1990,MIN,MIN03,1.1728971962616823,81
1990,MON,MON02,0.897590361445783,81
1990,NYA,NYC16,0.9453237410071942,81
1990,NYN,NYC17,0.9521800281293952,81
1990,OAK,OAK01,0.7655826558265583,81
1990,PHI,PHI12,0.9727403156384505,81
1990,PIT,PIT07,0.925925925925926,81
1990,SDN,SAN01,1.0518292682926829,81
1990,SEA,SEA02,0.9730941704035874,81
1990,SFN,SFO02,1.0155148095909732,81
1990,SLN,STL09,1.119281045751634,81
1990,TEX,ARL01,1.0222060429559519,82
1990,TOR,TOR02,1.0341880341880343,81
1991,ATL,ATL01,1.2948929159802307,81
1991,BAL,BAL11,0.9347258485639688,81
1991,BOS,BOS07,1.0882778581765558,81
1991,CAL,ANA01,0.8389830508474576,81
1991,CHA,CHI12,0.9875690607734805,81
1991,CHN,CHI11,1.121282657678628,83
1991,CIN,CIN08,1.1870047543581617,81
1991,CLE,CLE07,0.9202257961444242,82
1991,DET,DET04,1.0867875647668395,81
1991,HOU,HOU02,0.9159420289855071,81
1991,KCA,KAN06,0.9931224209078405,81
1991,LAN,LOS03,1.023026315789474,81
1991,MIL,MIL05,1.092235609103079,80
1991,MIN,MIN03,1.093841642228739,81
1991,MON,MON02,0.7822592731360059,68
1991,NYA,NYC16,1.0293706293706295,81
1991,NYN,NYC17,1.0810593254447396,82
1991,OAK,OAK01,0.855072463768116,81
1991,PHI,PHI12,1.0133594314165177,83
1991,PIT,PIT07,0.9180194805194806,84
1991,SDN,SAN01,0.9814528593508501,81
1991,SEA,SEA02,1.0146412884333822,81
1991,SFN,SFO02,0.8312925170068026,81
1991,SLN,STL09,0.8962610762913334,84
1991,TEX,ARL01,0.9582836710369487,81
1991,TOR,TOR02,1.165837479270315,81
1992,ATL,ATL01,1.0242718446601942,81
1992,BAL,BAL12,0.9753265602322206,81
1992,BOS,BOS07,1.1168614357262103,81
1992,CAL,ANA01,1.0868113522537561,81
1992,CHA,CHI12,0.8919113319819525,82
1992,CHN,CHI11,1.0115702479338842,81
1992,CIN,CIN08,1.0304,81
1992,CLE,CLE07,1.1613394216133943,81
1992,DET,DET04,1.0134253450439148,80
1992,HOU,HOU02,0.8737151248164464,81
1992,KCA,KAN06,1.0366826156299842,81
1992,LAN,LOS03,0.8913738019169329,81
1992,MIL,MIL05,0.7896138482023968,81
1992,MIN,MIN03,1.0028612303290414,81
1992,MON,MON02,1.1790780141843973,81
1992,NYA,NYC16,1.091937765205092,81
1992,NYN,NYC17,0.8998482549317147,81
1992,OAK,OAK01,0.9517906336088153,81
1992,PHI,PHI12,0.995732574679943,81
1992,PIT,PIT07,0.9876543209876543,81
1992,SDN,SAN01,1.160344827586207,81
1992,SEA,SEA02,1.0386206896551724,81
1992,SFN,SFO02,0.9693548387096774,81
1992,SLN,STL09,1.0245901639344261,81
1992,TEX,ARL01,0.9339622641509434,81
1992,TOR,TOR02,0.9810298102981031,81
1993,ATL,ATL01,0.9820627802690582,81
1993,BAL,BAL12,1.1088154269972452,81
1993,BOS,BOS07,1.2038216560509556,81
1993,CAL,ANA01,1.098124098124098,81
1993,CHA,CHI12,0.9917012448132779,81
1993,CHN,CHI11,1.0555954088952655,82
1993,CIN,CIN08,0.9802890932982917,81
1993,CLE,CLE07,0.853179190751445,81
1993,COL,DEN01,1.518248175182482,81
1993,DET,DET04,0.9931113662456946,81
1993,FLO,MIA01,1.0486656200941915,81
1993,HOU,HOU02,0.9283667621776505,81
1993,KCA,KAN06,1.1224806201550388,81
1993,LAN,LOS03,0.9404934687953557,81
1993,MIL,MIL05,0.9728331177231565,81
1993,MIN,MIN03,1.0863013698630137,81
1993,MON,MON02,0.9431963839978411,81
1993,NYA,NYC16,0.8589894242068156,81
1993,NYN,NYC17,0.9585062240663901,81
1993,OAK,OAK01,0.8561236623067776,81
1993,PHI,PHI12,1.008695652173913,81
1993,PIT,PIT07,1.00929614873838,81
1993,SDN,SAN01,0.9876712328767123,81
1993,SEA,SEA02,0.9931972789115645,81
1993,SFN,SFO02,0.8301647655259822,81
1993,SLN,STL09,0.8658385093167701,81
1993,TEX,ARL01,0.9085439229843562,81
1993,TOR,TOR02,1.0853018372703414,81
1994,ATL,ATL01,0.9348341639456951,55
1994,BAL,BAL12,1.128041958041958,55
1994,BOS,BOS07,1.07259375,64
1994,CAL,ANA01,1.0551948051948052,63
1994,CHA,CHI12,0.9035006149323574,53
1994,CHN,CHI11,0.8431737753771652,59
1994,CIN,CIN08,0.9841194968553458,60
1994,CLE,CLE08,1.0771202097860422,51
1994,COL,DEN01,1.3167677558207787,57
1994,DET,DET04,1.02061527017693,58
1994,FLO,MIA01,1.214417881726001,59
1994,HOU,HOU02,0.9338161458174847,59
1994,KCA,KAN06,1.1758731901461608,59
1994,LAN,LOS03,0.7822712171549381,55
1994,MIL,MIL05,1.1286889527291721,56
1994,MIN,MIN03,0.9651238591916559,59
1994,MON,MON02,1.0765708650324033,52
1994,NYA,NYC16,0.82899438489025,57
1994,NYN,NYC17,1.08903077695674,53
1994,OAK,OAK01,0.8204161979752531,56
1994,PHI,PHI12,0.9238987508218278,60
1994,PIT,PIT07,1.0088741362958946,61
1994,SDN,SAN01,0.9958422066727511,57
1994,SEA,SEA02,1.0972058244785516,44
1994,SFN,SFO02,0.9731348391512662,60
1994,SLN,STL09,1.0002710190315587,56
1994,TEX,ARL02,0.8926851639532218,63
1994,TOR,TOR02,0.9343477366859559,59
1995,ATL,ATL01,1.0862676056338028,72
1995,BAL,BAL12,1.0302114803625377,72
1995,BOS,BOS07,1.0067385444743935,72
1995,CAL,ANA01,0.9560275255800547,72
1995,CHA,CHI12,0.9254459896052818,72
1995,CHN,CHI11,1.0207407407407407,72
1995,CIN,CIN08,0.9460227272727272,72
1995,CLE,CLE08,0.8670967741935484,72
1995,COL,DEN02,1.6441821247892074,72
1995,DET,DET04,1.0863509749303624,72
1995,FLO,MIA01,0.952713398546901,71
1995,HOU,HOU02,0.7674129353233832,72
1995,KCA,KAN06,0.9158200290275762,72
1995,LAN,LOS03,0.8119533527696792,72
1995,MIL,MIL05,1.2160953800298062,72
1995,MIN,MIN03,1.0515463917525774,72
1995,MON,MON02,0.9733542319749217,72
1995,NYA,NYC16,1.029794033398936,73
1995,NYN,NYC17,0.8945022288261516,72
1995,OAK,OAK01,0.8227383863080684,72
1995,PHI,PHI12,1.2024221453287196,72
1995,PIT,PIT07,1.1328125,72
1995,SDN,SAN01,0.8533886583679116,72
1995,SEA,SEA02,1.0291840381179274,73
1995,SFN,SFO02,0.8814229249011858,72
1995,SLN,STL09,1.0408950617283952,72
1995,TEX,ARL02,1.125,72
1995,TOR,TOR02,1.001410437235543,72
1996,ATL,ATL01,1.0684133915574963,81
1996,BAL,BAL12,0.8923746020605119,82
1996,BOS,BOS07,1.130184331797235,81
1996,CAL,ANA01,0.9546185939880673,81
1996,CHA,CHI12,0.8311688311688312,81
1996,CHN,CHI11,1.0356200527704484,81
1996,CIN,CIN08,1.001290322580645,81
1996,CLE,CLE08,1.05208827014218,80
1996,COL,DEN02,1.7189265536723164,81
1996,DET,DET04,0.9728033472803348,81
1996,FLO,MIA01,0.8671140939597315,81
1996,HOU,HOU02,0.8525179856115109,81
1996,KCA,KAN06,0.9484987357774968,80
1996,LAN,LOS03,0.787598944591029,81
1996,MIL,MIL05,1.0328798185941042,81
1996,MIN,MIN03,1.0833671282080992,82
1996,MON,MON02,1.1061285500747384,81
1996,NYA,NYC16,1.007834928229665,80
1996,NYN,NYC17,0.8154761904761905,81
1996,OAK,OAK01,1.0264672036823934,81
1996,PHI,PHI12,0.9251336898395722,81
1996,PIT,PIT07,1.0468907035175878,80
1996,SDN,SAN01,0.9118421052631578,81
1996,SEA,SEA02,0.9426679958080926,81
1996,SFN,SFO02,1.0000918076934846,82
1996,SLN,STL09,0.9585561497326203,81
1996,TEX,ARL02,1.1407589855865718,81
1996,TOR,TOR02,1.0244215938303343,81
1997,ANA,ANA01,1.1078305519897302,82
1997,ATL,ATL02,0.9826589595375722,81
1997,BAL,BAL12,0.9827357237715804,81
1997,BOS,BOS07,0.9883585564610011,81
1997,CHA,CHI12,0.9305369626654767,81
1997,CHN,CHI11,1.1264705882352941,81
1997,CIN,CIN08,1.0687134502923976,81
1997,CLE,CLE08,0.9656032844438641,81
1997,COL,DEN02,1.3324840764331212,81
1997,DET,DET04,1.0153649167733676,81
1997,FLO,MIA01,0.938101788170564,81
1997,HOU,HOU02,0.8735332464146023,81
1997,KCA,KAN06,1.1142928954423592,80
1997,LAN,LOS03,0.8226018396846254,81
1997,MIL,MIL05,0.9941678272980501,80
1997,MIN,MIN03,1.0387016229712858,81
1997,MON,MON02,1.0472103004291844,81
1997,NYA,NYC16,0.885832349468713,80
1997,NYN,NYC17,0.9839786381842458,81
1997,OAK,OAK01,1.077764277035237,81
1997,PHI,PHI12,0.9816031537450722,81
1997,PIT,PIT07,1.0482758620689656,81
1997,SDN,SAN01,0.8712541620421753,81
1997,SEA,SEA02,1.018369690011481,81
1997,SFN,SFO02,0.939729397293973,81
1997,SLN,STL09,0.921595598349381,81
1997,TEX,ARL02,1.0477386934673367,81
1997,TOR,TOR02,0.9340028694404591,81
1998,ANA,ANA01,0.9287469287469288,81
1998,ARI,PHO01,1.0344352617079888,81
1998,ATL,ATL02,1.0042735042735045,81
1998,BAL,BAL12,0.8936170212765958,81
1998,BOS,BOS07,1.0012468827930177,81
1998,CHA,CHI12,0.9944418649113702,82
1998,CHN,CHI11,1.0062340735347652,82
1998,CIN,CIN08,1.0160213618157543,81
1998,CLE,CLE08,1.1691078561917445,81
1998,COL,DEN02,1.5861538461538462,81
1998,DET,DET04,1.0320512820512822,81
1998,FLO,MIA01,0.9133574007220217,81
1998,HOU,HOU02,0.970976253298153,81
1998,KCA,KAN06,1.114013671875,80
1998,LAN,LOS03,0.8227334235453314,81
1998,MIL,MIL05,1.033467202141901,81
1998,MIN,MIN03,0.9974259974259975,81
1998,MON,MON02,0.808618504435995,81
1998,NYA,NYC16,0.9413173652694611,81
1998,NYN,NYC17,0.9410919540229884,81
1998,OAK,OAK01,0.853496115427303,81
1998,PHI,PHI12,1.1362359550561798,81
1998,PIT,PIT07,1.0302633016497325,81
1998,SDN,SAN01,0.7321652065081351,81
1998,SEA,SEA02,0.9969171985584647,81
1998,SFN,SFO02,0.9103828048672175,81
1998,SLN,STL09,1.0309183130342214,82
1998,TBA,STP01,1.0899390243902438,81
1998,TEX,ARL02,1.1533888228299642,81
1998,TOR,TOR02,1.0252090294445229,81
1999,ANA,ANA01,0.9935149156939039,81
1999,ARI,PHO01,0.9411764705882352,81
1999,ATL,ATL02,0.8785982478097621,81
1999,BAL,BAL12,0.980975029726516,81
1999,BOS,BOS07,1.1,81
1999,CHA,CHI12,0.9376470588235294,81
1999,CHN,CHI11,1.1344430217669657,81
1999,CIN,CIN08,0.9728758370707135,82
1999,CLE,CLE08,1.0629139072847682,81
1999,COL,DEN02,1.627717391304348,81
1999,DET,DET04,1.0234567901234568,81
1999,FLO,MIA01,0.8691017964071855,80
1999,HOU,HOU02,0.8885017421602787,82
1999,KCA,KAN06,1.0159244644870349,80
1999,LAN,LOS03,0.9291819291819292,81
1999,MIL,MIL05,1.004200819672131,80
1999,MIN,MIN03,1.1037685910899373,81
1999,MON,MON02,1.078042328042328,81
1999,NYA,NYC16,0.818283166109253,81
1999,NYN,NYC17,0.9114801314072274,81
1999,OAK,OAK01,0.969422423556059,81
1999,PHI,PHI12,1.0300842358604092,81
1999,PIT,PIT07,0.999138673557278,81
1999,SDN,SAN01,0.9139922978177151,81
1999,SEA,SEA03,1.0607476635514017,81
1999,SFN,SFO02,0.7795193312434692,81
1999,SLN,STL09,0.9942238267148014,80
1999,TBA,STP01,1.0083432657926101,81
1999,TEX,ARL02,1.0759493670886076,81
1999,TOR,TOR02,1.0290697674418605,81
2000,ANA,ANA01,1.0316529894490036,81
2000,ARI,PHO01,1.0315374507227333,81
2000,ATL,ATL02,0.9973787680209698,81
2000,BAL,BAL12,0.8966666666666667,81
2000,BOS,BOS07,1.0144167758846658,81
2000,CHA,CHI12,1.1054461181923523,81
2000,CHN,CHI11,0.8091106290672451,81
2000,CIN,CIN08,1.149079143852663,82
2000,CLE,CLE08,1.0345622119815667,81
2000,COL,DEN02,1.6604850213980027,81
2000,DET,DET05,0.9320843091334894,81
2000,FLO,MIA01,0.9154173088599319,81
2000,HOU,HOU03,1.145952109464082,81
2000,KCA,KAN06,1.0793103448275863,81
2000,LAN,LOS03,0.8397590361445784,81
2000,MIL,MIL05,0.9233482566815899,81
2000,MIN,MIN03,1.1562913907284769,81
2000,MON,MON02,0.9902912621359223,81
2000,NYA,NYC16,1.0706043956043956,80
2000,NYN,NYC17,0.87046004842615,81
2000,OAK,OAK01,0.9100221036174457,81
2000,PHI,PHI12,1.0534045393858478,81
2000,PIT,PIT07,0.968384074941452,81
2000,SDN,SAN01,0.8242142025611175,81
2000,SEA,SEA03,0.8317046688382193,81
2000,SFN,SFO03,0.8273224043715847,81
2000,SLN,STL09,1.002415458937198,81
2000,TBA,STP01,0.9984552332912989,80
2000,TEX,ARL02,1.0942528735632184,81
2000,TOR,TOR02,1.0333333333333334,81
2001,ANA,ANA01,1.146525679758308,81
2001,ARI,PHO01,1.1235795454545454,81
2001,ATL,ATL02,1.0235988200589972,81
2001,BAL,BAL12,0.8516908212560386,80
2001,BOS,BOS07,1.015382584010035,81
2001,CHA,CHI12,1.0581395348837208,81
2001,CHN,CHI11,0.9295039164490863,81
2001,CIN,CIN08,0.98125,81
2001,CLE,CLE08,1.0226162790697673,80
2001,COL,DEN02,1.4583333333333333,81
2001,DET,DET05,0.9777503090234857,81
2001,FLO,MIA01,0.922762148337596,80
2001,HOU,HOU03,1.0987012987012987,81
2001,KCA,KAN06,1.2041666666666666,81
2001,LAN,LOS03,0.8096385542168675,81
2001,MIL,MIL06,1.0156453715775748,81
2001,MIN,MIN03,1.0197109067017083,81
2001,MON,MON02,1.1416184971098267,81
2001,NYA,NYC16,1.000557011795544,80
2001,NYN,NYC17,0.8741355463347165,81
2001,OAK,OAK01,0.920854271356784,81
2001,PHI,PHI12,0.9533333333333333,81
2001,PIT,PIT08,0.9960474308300395,81
2001,SDN,SAN01,0.8193181818181817,81
2001,SEA,SEA03,0.8566308243727597,81
2001,SFN,SFO03,0.8178613396004701,81
2001,SLN,STL09,0.9808339047245893,82
2001,TBA,STP01,0.9936061381074169,81
2001,TEX,ARL02,0.9968417420844502,82
2001,TOR,TOR02,1.1519753648038633,82
2002,ANA,ANA01,0.9340232858990944,81
2002,ARI,PHO01,1.1669085631349783,81
2002,ATL,ATL02,1.004871749721195,81
2002,BAL,BAL12,0.9565217391304348,81
2002,BOS,BOS07,0.9664516129032257,81
2002,CHA,CHI12,1.0572139303482588,81
2002,CHN,CHI11,0.9533333333333333,81
2002,CIN,CIN08,1.164963503649635,81
2002,CLE,CLE08,1.0309278350515463,81
2002,COL,DEN02,1.4395924308588064,81
2002,DET,DET05,0.8650612113402062,80
2002,FLO,MIA01,0.9389920424403182,81
2002,HOU,HOU03,1.0867052023121386,81
2002,KCA,KAN06,1.3628447024673442,81
2002,LAN,LOS03,0.8250336473755047,81
2002,MIL,MIL06,0.9229747675962816,81
2002,MIN,MIN03,0.9665280253515547,81
2002,MON,MON02,1.015256588072122,81
2002,NYA,NYC16,0.9533038976857491,80
2002,NYN,NYC17,0.8892931130311759,81
2002,OAK,OAK01,1.089080459770115,81
2002,PHI,PHI12,0.8207386363636363,80
2002,PIT,PIT08,1.116545245398773,80
2002,SDN,SAN01,0.8347826086956521,81
2002,SEA,SEA03,0.8541666666666666,81
2002,SFN,SFO03,0.8263707571801567,81
2002,SLN,STL09,0.885676741130092,81
2002,TBA,STP01,0.9988918543490815,81
2002,TEX,ARL02,1.24609375,81
2002,TOR,TOR02,0.9890909090909091,81
2003,ANA,ANA01,0.8555156617556025,82
2003,ARI,PHO01,1.2148499210110586,81
2003,ATL,ATL02,0.9330985915492958,81
2003,BAL,BAL12,0.8986401860797997,81
2003,BOS,BOS07,1.0996441281138791,81
2003,CHA,CHI12,0.9712041884816754,81
2003,CHN,CHI11,0.9705882352941176,81
2003,CIN,CIN09,0.9924337957124842,81
2003,CLE,CLE08,0.8531994981179423,81
2003,COL,DEN02,1.2429305912596402,81
2003,DET,DET05,0.8916562889165629,81
2003,FLO,MIA01,0.8715953307392995,81
2003,HOU,HOU03,1.0756302521008403,81
2003,KCA,KAN06,1.2778693931398417,80
2003,LAN,LOS03,0.8677685950413223,81
2003,MIL,MIL06,1.0477419354838708,81
2003,MIN,MIN03,1.035248041775457,81
2003,MON,MON02,1.382303839732888,81
2003,NYA,NYC16,0.9218713000236799,82
2003,NYN,NYC17,0.9754746835443037,80
2003,OAK,OAK01,0.8713527851458885,81
2003,PHI,PHI12,0.9003831417624522,81
2003,PIT,PIT08,0.9796178343949046,81
2003,SDN,SAN01,0.8246674727932285,81
2003,SEA,SEA03,0.9456521739130436,81
2003,SFN,SFO03,0.9890733645522919,81
2003,SLN,STL09,0.9240506329113924,81
2003,TBA,STP01,0.9961783439490447,81
2003,TEX,ARL02,1.2160493827160495,81
2003,TOR,TOR02,1.105263157894737,81
2004,ANA,ANA01,0.9723618090452262,81
2004,ARI,PHO01,1.068306010928962,81
2004,ATL,ATL02,0.990527740189445,81
2004,BAL,BAL12,1.0770186335403726,81
2004,BOS,BOS07,1.1197530864197531,81
2004,CHA,CHI12,1.1387137452711225,81
2004,CHN,CHI11,1.1228171453312168,82
2004,CIN,CIN09,0.8472686733556299,81
2004,CLE,CLE08,0.9600000000000001,81
2004,COL,DEN02,1.412087912087912,81
2004,DET,DET05,0.9228998849252013,81
2004,FLO,MIA01,0.8975529100529102,80
2004,HOU,HOU03,1.0040053404539386,81
2004,KCA,KAN06,0.9095238095238096,80
2004,LAN,LOS03,0.9088507265521797,81
2004,MIL,MIL06,1.0416324744242027,81
2004,MIN,MIN03,1.045143638850889,81
2004,MON,MON02,0.8989304812834225,80
2004,NYA,NYC16,0.9222096956031568,81
2004,NYN,NYC17,0.9735006973500697,81
2004,OAK,OAK01,1.0117955439056356,81
2004,PHI,PHI13,1.0237203495630463,81
2004,PIT,PIT08,0.917620481927711,80
2004,SDN,SAN02,0.8366583541147133,81
2004,SEA,SEA03,0.8340273646638905,82
2004,SFN,SFO03,1.0690057741457106,82
2004,SLN,STL09,0.9360613810741687,81
2004,TBA,STP01,0.9111263736263737,80
2004,TEX,ARL02,1.2171581769436997,81
2004,TOR,TOR02,1.1275720164609053,81
2005,ANA,ANA01,0.9180327868852459,81
2005,ARI,PHO01,1.086021505376344,81
2005,ATL,ATL02,1.0882778581765558,81
2005,BAL,BAL12,0.8783783783783783,81
2005,BOS,BOS07,1.0271867612293144,81
2005,CHA,CHI12,1.0502958579881656,81
2005,CHN,CHI11,1.0127840909090908,81
2005,CIN,CIN09,1.1250343417076223,82
2005,CLE,CLE08,0.8743455497382199,81
2005,COL,DEN02,1.2755681818181819,81
2005,DET,DET05,0.9584954604409858,81
2005,FLO,MIA01,0.8891786179921773,81
2005,HOU,HOU03,0.9519972033633235,81
2005,KCA,KAN06,0.9734620024125453,81
2005,LAN,LOS03,0.9072847682119205,81
2005,MIL,MIL06,0.9985955056179776,81
2005,MIN,MIN03,1.0209580838323353,81
2005,NYA,NYC16,1.0501835985312118,81
2005,NYN,NYC17,0.9712230215827339,81
2005,OAK,OAK01,1.0605187319884726,81
2005,PHI,PHI13,1.1561181434599155,81
2005,PIT,PIT08,1.0265734265734265,81
2005,SDN,SAN02,0.798469387755102,81
2005,SEA,SEA03,0.9727891156462584,81
2005,SFN,SFO03,0.9633802816901409,81
2005,SLN,STL09,1.0324858757062148,81
2005,TBA,STP01,0.9835294117647058,81
2005,TEX,ARL02,1.0759036144578313,81
2005,TOR,TOR02,1.0385674931129476,81
2005,WAS,WAS10,0.8662873399715504,81
2006,ANA,ANA01,0.905852417302799,81
2006,ARI,PHO01,1.1412894375857339,81
2006,ATL,ATL02,0.9458823529411764,81
2006,BAL,BAL12,0.9845238095238096,81
2006,BOS,BOS07,1.0308641975308643,81
2006,CHA,CHI12,1.0543881334981458,81
2006,CHN,CHI11,1.0749665327978581,81
2006,CIN,CIN09,1.1527777777777777,81
2006,CLE,CLE08,0.9458186101295643,81
2006,COL,DEN02,1.1494708994708995,81
2006,DET,DET05,0.9801587301587301,81
2006,FLO,MIA01,0.8982630272952854,81
2006,HOU,HOU03,1.0335664335664336,81
2006,KCA,KAN06,1.146583850931677,81
2006,LAN,LOS03,1.0455729166666667,81
2006,MIL,MIL06,1.0038461538461538,81
2006,MIN,MIN03,0.962962962962963,81
2006,NYA,NYC16,0.9003359462486001,81
2006,NYN,NYC17,0.9015795868772782,81
2006,OAK,OAK01,0.9205128205128206,81
2006,PHI,PHI13,1.062730627306273,81
2006,PIT,PIT08,1.0080971659919027,81
2006,SDN,SAN02,0.8601583113456464,81
2006,SEA,SEA03,0.8809234507897934,81
2006,SFN,SFO03,0.9928117848048222,81
2006,SLN,STL10,0.9501727386934674,80
2006,TBA,STP01,1.0409511228533685,81
2006,TEX,ARL02,1.0809768637532136,81
2006,TOR,TOR02,1.0674603174603174,81
2006,WAS,WAS10,0.942376950780312,81
2007,ANA,ANA01,1.0845637583892616,81
2007,ARI,PHO01,1.1111111111111112,81
2007,ATL,ATL02,0.9120198265179676,81
2007,BAL,BAL12,1.1090909090909091,81
2007,BOS,BOS07,1.1771428571428573,81
2007,CHA,CHI12,1.0843537414965987,81
2007,CHN,CHI11,1.1716867469879517,81
2007,CIN,CIN09,1.094750320102433,81
2007,CLE,CLE08,1.1198549723756905,80
2007,COL,DEN02,1.160405192761605,82
2007,DET,DET05,1.0511571254567602,81
2007,FLO,MIA01,1.067650676506765,81
2007,HOU,HOU03,0.9009900990099011,81
2007,KCA,KAN06,1.0328767123287672,81
2007,LAN,LOS03,1.053370786516854,81
2007,MIL,MIL06,1.0114795918367347,81
2007,MIN,MIN03,0.8667529107373867,81
2007,NYA,NYC16,1.069988137603796,81
2007,NYN,NYC17,0.9161528976572134,81
2007,OAK,OAK01,0.8325183374083128,81
2007,PHI,PHI13,1.0344418052256532,81
2007,PIT,PIT08,0.9454770755885997,81
2007,SDN,SAN02,0.7548632172288086,81
2007,SEA,SEA03,0.948077210833458,82
2007,SFN,SFO03,0.9872521246458924,81
2007,SLN,STL10,0.9328358208955224,81
2007,TBA,STP01,0.8925438596491228,81
2007,TEX,ARL02,0.9785458879618593,81
2007,TOR,TOR02,0.9437751004016065,81
2007,WAS,WAS10,0.8738738738738738,81
2008,ANA,ANA01,1.0165517241379312,81
2008,ARI,PHO01,1.1347305389221558,81
2008,ATL,ATL02,1.0633423180592991,81
2008,BAL,BAL12,1.05125,80
2008,BOS,BOS07,1.0769230769230769,81
2008,CHA,CHI12,1.1220696187544401,82
2008,CHN,CHI11,1.068499149445034,81
2008,CIN,CIN09,1.0687757909215958,81
2008,CLE,CLE08,0.9949044585987261,81
2008,COL,DEN02,1.1260162601626018,81
2008,DET,DET05,1.0767326732673268,81
2008,FLO,MIA01,0.953553724227211,81
2008,HOU,HOU03,1.0364394993045898,80
2008,KCA,KAN06,0.9292267365661862,81
2008,LAN,LOS03,0.8415300546448088,81
2008,MIL,MIL06,0.9445945945945946,81
2008,MIN,MIN03,0.8868582527700525,81
2008,NYA,NYC16,1.0403768506056528,81
2008,NYN,NYC17,0.9460154241645243,81
2008,OAK,OAK01,0.9163949904690646,81
2008,PHI,PHI13,1.02880658436214,81
2008,PIT,PIT08,0.8980070339976552,81
2008,SDN,SAN02,0.7961538461538462,81
2008,SEA,SEA03,0.9322033898305083,81
2008,SFN,SFO03,1.0453216374269005,81
2008,SLN,STL10,0.9431524547803617,81
2008,TBA,STP01,0.9553450608930987,81
2008,TEX,ARL02,1.1422018348623852,81
2008,TOR,TOR02,0.9585798816568047,81
2008,WAS,WAS11,1.0376726519337016,80
2009,ANA,ANA01,1.0196560196560196,81
2009,ARI,PHO01,1.1927007299270074,81
2009,ATL,ATL02,0.8953168044077134,81
2009,BAL,BAL12,1.036523929471033,81
2009,BOS,BOS07,1.0721649484536082,81
2009,CHA,CHI12,1.0623229461756374,81
2009,CHN,CHI11,1.1455177743431222,80
2009,CIN,CIN09,0.9745403111739744,81
2009,CLE,CLE08,0.8383838383838383,81
2009,COL,DEN02,1.247041420118343,81
2009,DET,DET05,1.0260445379976277,81
2009,FLO,MIA01,1.136111111111111,81
2009,HOU,HOU03,0.930327868852459,81
2009,KCA,KAN06,1.1134163208852006,81
2009,LAN,LOS03,0.8571428571428572,81
2009,MIL,MIL06,0.8858823529411763,81
2009,MIN,MIN03,1.0902633627400102,82
2009,NYA,NYC21,0.9646643109540636,81
2009,NYN,NYC20,0.9428571428571428,81
2009,OAK,OAK01,0.9740259740259741,81
2009,PHI,PHI13,1.0278514588859418,81
2009,PIT,PIT08,1.022007514761138,81
2009,SDN,SAN02,0.7413366336633663,81
2009,SEA,SEA03,0.9473684210526315,81
2009,SFN,SFO03,1.051779935275081,81
2009,SLN,STL10,0.9187675070028012,81
2009,TBA,STP01,0.9961538461538463,81
2009,TEX,ARL02,1.084815321477428,81
2009,TOR,TOR02,0.937037037037037,81
2009,WAS,WAS11,1.0076045627376427,81
2010,ANA,ANA01,0.8638814016172507,81
2010,ARI,PHO01,1.0489417989417988,81
2010,ATL,ATL02,1.0073421439060206,81
2010,BAL,BAL12,1.1117824773413896,81
2010,BOS,BOS07,1.0826666666666667,81
2010,CHA,CHI12,1.1348973607038122,81
2010,CHN,CHI11,1.170403587443946,81
2010,CIN,CIN09,1.0068027210884354,81
2010,CLE,CLE08,0.947075208913649,81
2010,COL,DEN02,1.3640699523052466,81
2010,DET,DET05,0.9814323607427055,81
2010,FLO,MIA01,1.042674253200569,81
2010,HOU,HOU03,0.8636995827538249,81
2010,KCA,KAN06,1.0065963060686016,81
2010,LAN,LOS03,0.9386590584878745,81
2010,MIL,MIL06,1.0051612903225804,81
2010,MIN,MIN04,0.9621621621621622,81
2010,NYA,NYC21,1.17671809256662,81
2010,NYN,NYC20,0.8901734104046242,81
2010,OAK,OAK01,0.9559939301972686,81
2010,PHI,PHI13,0.9911106463083036,84
2010,PIT,PIT08,1.0264993026499303,81
2010,SDN,SAN02,0.8821752265861026,81
2010,SEA,SEA03,0.812874251497006,81
2010,SFN,SFO03,0.9423368740515934,81
2010,SLN,STL10,0.9367088607594934,81
2010,TBA,STP01,0.8002481389578163,81
2010,TEX,ARL02,1.0907801418439715,81
2010,TOR,TOR02,1.05820649938297,78
2010,WAS,WAS11,0.9648382559774964,81
2011,ANA,ANA01,0.8361581920903954,81
2011,ARI,PHO01,1.1463790446841295,81
2011,ATL,ATL02,0.9529780564263322,81
2011,BAL,BAL12,0.9949109414758269,81
2011,BOS,BOS07,1.1725067385444743,81
2011,CHA,CHI12,0.9912152269399709,81
2011,CHN,CHI11,0.9341563786008229,81
2011,CIN,CIN09,1.0815450643776825,81
2011,CLE,CLE08,0.9598393574297189,81
2011,COL,DEN02,1.3468118195956453,81
2011,DET,DET05,1.0605226960110041,81
2011,FLO,MIA01,0.9912056105977958,78
2011,HOU,HOU03,1.0997023809523812,81
2011,KCA,KAN06,0.991989319092123,81
2011,LAN,LOS03,0.935591922672026,81
2011,MIL,MIL06,1.0405405405405406,81
2011,MIN,MIN04,0.9439890710382514,81
2011,NYA,NYC21,1.1314685314685318,81
2011,NYN,NYC20,0.9084967320261438,81
2011,OAK,OAK01,0.9470588235294117,81
2011,PHI,PHI13,0.9967845659163987,81
2011,PIT,PIT08,0.9585185185185184,81
2011,SDN,SAN02,0.8187311178247734,81
2011,SEA,SEA03,0.8546913305103634,84
2011,SFN,SFO03,0.7367624810892587,81
2011,SLN,STL10,0.8956975228161668,81
2011,TBA,STP01,0.8170563961485556,81
2011,TEX,ARL02,1.4088050314465408,81
2011,TOR,TOR02,1.151645207439199,81
2011,WAS,WAS11,0.9550421779141104,80
2012,ANA,ANA01,0.8121137206427688,81
2012,ARI,PHO01,1.170992366412214,81
2012,ATL,ATL02,1.0376175548589341,81
2012,BAL,BAL12,1.1733128834355828,81
2012,BOS,BOS07,1.2063037249283668,81
2012,CHA,CHI12,1.267515923566879,81
2012,CHN,CHI11,1.0235988200589972,81
2012,CIN,CIN09,1.1126050420168068,81
2012,CLE,CLE08,0.899497487437186,81
2012,COL,DEN02,1.5790297339593113,81
2012,DET,DET05,1.0712166172106825,81
2012,HOU,HOU03,0.9367088607594934,81
2012,KCA,KAN06,1.0343347639484979,81
2012,LAN,LOS03,0.8668683812405447,81
2012,MIA,MIA02,1.0045112781954886,81
2012,MIL,MIL06,1.1681034482758619,81
2012,MIN,MIN04,1.0439999999999998,81
2012,NYA,NYC21,0.9918809201623816,81
2012,NYN,NYC20,0.8744827586206897,81
2012,OAK,OAK01,0.8876244665718349,81
2012,PHI,PHI13,0.9682539682539684,81
2012,PIT,PIT08,0.7643142476697737,81
2012,SDN,SAN02,0.8542234332425068,81
2012,SEA,SEA03,0.6865869853917663,81
2012,SFN,SFO03,0.7369758576874206,81
2012,SLN,STL10,0.9845505617977528,81
2012,TBA,STP01,0.8735294117647059,81
2012,TEX,ARL02,1.1829971181556194,81
2012,TOR,TOR02,1.0080321285140563,81
2012,WAS,WAS11,1.0229007633587786,81
2013,ANA,ANA01,0.9678714859437751,81
2013,ARI,PHO01,0.9742489270386265,81
2013,ATL,ATL02,0.9556962025316456,81
2013,BAL,BAL12,1.0565770862800563,81
2013,BOS,BOS07,0.9597402597402599,81
2013,CHA,CHI12,0.9984871406959154,81
2013,CHN,CHI11,1.1918505942275042,81
2013,CIN,CIN09,0.9890076335877862,80
2013,CLE,CLE08,0.9326923076923077,81
2013,COL,DEN02,1.2728682170542636,81
2013,DET,DET05,1.1385542168674698,81
2013,HOU,HOU03,1.0739687055476528,81
2013,KCA,KAN06,1.0816666666666666,81
2013,LAN,LOS03,0.8679817905918058,81
2013,MIA,MIA02,1.0297723292469352,81
2013,MIL,MIL06,1.109697933227345,81
2013,MIN,MIN04,1.0201729106628241,81
2013,NYA,NYC21,1.0868878357030016,81
2013,NYN,NYC20,0.86676217765043,81
2013,OAK,OAK01,0.8887381275440976,81
2013,PHI,PHI13,1.1069767441860465,81
2013,PIT,PIT08,0.9070866141732282,81
2013,SDN,SAN02,0.8305555555555555,81
2013,SEA,SEA03,0.991329479768786,81
2013,SFN,SFO03,0.8693829058634426,82
2013,SLN,STL10,0.8916323731138546,81
2013,TBA,STP01,0.9314735562952395,81
2013,TEX,ARL02,0.9849165596919126,82
2013,TOR,TOR02,1.1183261183261184,81
2013,WAS,WAS11,1.0125588697017267,81
2014,ANA,ANA01,0.9192886456908345,81
2014,ARI,PHO01,1.1539682539682539,81
2014,ATL,ATL02,0.9402985074626865,81
2014,BAL,BAL12,0.9315476190476191,81
2014,BOS,BOS07,1.0721966205837175,81
2014,CHA,CHI12,1.0520984081041969,81
2014,CHN,CHI11,0.9312865497076024,81
2014,CIN,CIN09,0.9626016260162601,81
2014,CLE,CLE08,0.9498525073746312,81
2014,COL,DEN02,1.5007949125596185,81
2014,DET,DET05,1.0027397260273974,81
2014,HOU,HOU03,1.0119047619047619,81
2014,KCA,KAN06,1.014218009478673,81
2014,LAN,LOS03,0.9071428571428573,81
2014,MIA,MIA02,1.0137404580152674,81
2014,MIL,MIL06,1.0015313935681471,81
2014,MIN,MIN04,1.1163120567375886,81
2014,NYA,NYC21,0.944527736131934,81
2014,NYN,NYC20,0.8474074074074074,81
2014,OAK,OAK01,1.0233281493001556,81
2014,PHI,PHI13,0.9290989660265878,81
2014,PIT,PIT08,0.9774096385542167,81
2014,SDN,SAN02,0.825944170771757,81
2014,SEA,SEA03,0.8248847926267282,81
2014,SFN,SFO03,0.9204204204204205,81
2014,SLN,STL10,1.099656357388316,81
2014,TBA,STP01,1.0016181229773462,81
2014,TEX,ARL02,1.052401746724891,81
2014,TOR,TOR02,1.0420289855072462,81
2014,WAS,WAS11,1.0683333333333334,81
2015,ANA,ANA01,0.8607242339832869,81
2015,ARI,PHO01,1.0618705035971223,81
2015,ATL,ATL02,0.9374999999999999,81
2015,BAL,BAL12,1.2277250907387893,78
2015,BOS,BOS07,1.191240875912409,81
2015,CHA,CHI12,0.9035971223021583,81
2015,CHN,CHI11,0.9503759398496241,81
2015,CIN,CIN09,1.1153262518968134,81
2015,CLE,CLE08,1.2608490566037736,80
2015,COL,DEN02,1.436055469953775,81
2015,DET,DET05,0.901551123773346,81
2015,HOU,HOU03,0.927038626609442,81
2015,KCA,KAN06,1.0192307692307692,81
2015,LAN,LOS03,0.9179331306990881,81
2015,MIA,MIA02,0.9501510574018126,81
2015,MIL,MIL06,1.1027190332326282,81
2015,MIN,MIN04,0.9942857142857144,81
2015,NYA,NYC21,1.0221300138312588,81
2015,NYN,NYC20,0.8701298701298702,81
2015,OAK,OAK01,0.9439890710382514,81
2015,PHI,PHI13,1.0383522727272727,81
2015,PIT,PIT08,0.9327354260089685,81
2015,SDN,SAN02,0.9314685314685315,81
2015,SEA,SEA03,0.8777173913043479,81
2015,SFN,SFO03,0.8451882845188285,81
2015,SLN,STL10,0.9308072487644151,81
2015,TBA,STP01,0.940196735971384,84
2015,TEX,ARL02,1.1414141414141414,81
2015,TOR,TOR02,0.905982905982906,81
2015,WAS,WAS11,1.0,81
2016,ANA,ANA01,0.91005291005291,81
2016,ARI,PHO01,1.2249322493224932,81
2016,ATL,ATL02,1.0593273486355248,81
2016,BAL,BAL12,0.9531459170013388,81
2016,BOS,BOS07,1.1986013986013988,81
2016,CHA,CHI12,0.9270976616231087,81
2016,CHN,CHI11,0.8736263736263735,81
2016,CIN,CIN09,0.9898605830164765,81
2016,CLE,CLE08,1.2066296673839996,81
2016,COL,DEN02,1.3680555555555556,81
2016,DET,DET05,1.019406548431105,80
2016,HOU,HOU03,0.8083756345177665,81
2016,KCA,KAN06,1.1705790297339593,81
2016,LAN,LOS03,0.8124999999999999,81
2016,MIA,MIA02,0.8343110504774898,80
2016,MIL,MIL06,0.9719101123595506,81
2016,MIN,MIN04,1.0444162436548223,81
2016,NYA,NYC21,1.0353460972017672,81
2016,NYN,NYC20,0.9876543209876543,81
2016,OAK,OAK01,0.8292367399741267,81
2016,PHI,PHI13,0.8403141361256545,81
2016,PIT,PIT08,1.0067476383265856,81
2016,SDN,SAN02,1.0138312586445368,81
2016,SEA,SEA03,0.9407894736842104,81
2016,SFN,SFO03,1.0119581464872944,81
2016,SLN,STL10,0.9213917525773195,81
2016,TBA,STP01,0.8894952251023193,81
2016,TEX,ARL02,1.1558073654390937,81
2016,TOR,TOR02,1.1558245083207261,81
2016,WAS,WAS11,0.9559032716927452,81
2017,ANA,ANA01,0.949175824175824,81
2017,ARI,PHO01,1.2020958083832336,81
2017,ATL,ATL03,0.9758269720101781,81
2017,BAL,BAL12,1.0255754475703325,81
2017,BOS,BOS07,1.0264993026499303,81
2017,CHA,CHI12,1.0026246719160106,81
2017,CHN,CHI11,1.13061797752809,81
2017,CIN,CIN09,1.0199252801992527,81
2017,CLE,CLE08,0.9714693295292438,81
2017,COL,DEN02,1.3318584070796462,81
2017,DET,DET05,1.1691078561917445,81
2017,HOU,HOU03,0.8260869565217391,81
2017,KCA,KAN06,0.9264516129032258,81
2017,LAN,LOS03,0.9708029197080292,81
2017,MIA,MIA02,0.8483025354533734,78
2017,MIL,MIL06,1.0941855400696865,84
2017,MIN,MIN04,1.095424836601307,81
2017,NYA,NYC21,1.0186170212765957,81
2017,NYN,NYC20,0.858139534883721,81
2017,OAK,OAK01,1.103494623655914,81
2017,PHI,PHI13,1.0732394366197182,81
2017,PIT,PIT08,0.948467966573816,81
2017,SDN,SAN02,0.8275418275418275,81
2017,SEA,SEA03,0.916876574307305,81
2017,SFN,SFO03,0.8496732026143791,81
2017,SLN,STL10,0.8891752577319588,81
2017,TBA,STP01,0.9020408163265305,81
2017,TEX,ARL02,1.215363511659808,81
2017,TOR,TOR02,0.9459815546772069,81
2017,WAS,WAS11,1.056551724137931,81
2018,ANA,ANA01,0.9686221009549795,81
2018,ARI,PHO01,1.0569230769230769,81
2018,ATL,ATL03,1.1197604790419162,81
2018,BAL,BAL12,0.9816753926701571,81
2018,BOS,BOS07,1.077762619372442,81
2018,CHA,CHI12,0.9431524547803617,81
2018,CHN,CHI11,1.078941637630662,82
2018,CIN,CIN09,1.127808988764045,81
2018,CLE,CLE08,1.1277213352685052,81
2018,COL,DEN02,1.2714223098838482,81
2018,DET,DET05,0.9454297407912687,81
2018,HOU,HOU03,0.9865671641791045,81
2018,KCA,KAN06,1.0602240896358543,81
2018,LAN,LOS03,0.8720567698353416,82
2018,MIA,MIA02,0.7469445995409145,81
2018,MIL,MIL06,1.0109137897916776,81
2018,MIN,MIN04,1.003973509933775,81
2018,NYA,NYC21,1.125874125874126,81
2018,NYN,NYC20,0.7309136420525657,81
2018,OAK,OAK01,0.8403465346534654,81
2018,PHI,PHI13,1.0421511627906976,81
2018,PIT,PIT08,0.8799595141700405,80
2018,SDN,SAN02,1.0323054331864907,81
2018,SEA,SEA03,0.8457446808510638,81
2018,SFN,SFO03,1.0123647604327666,81
2018,SLN,STL10,0.9256308100929616,81
2018,TBA,STP01,0.9264497878359264,81
2018,TEX,ARL02,1.3516320474777448,81
2018,TOR,TOR02,0.9580686149936468,81
2018,WAS,WAS11,1.1336270190895743,81
2019,ANA,ANA01,1.0184956843403208,81
2019,ARI,PHO01,0.9771283354510801,81
2019,ATL,ATL03,1.0025062656641603,81
2019,BAL,BAL12,1.087912087912088,81
2019,BOS,BOS07,1.0632458233890214,81
2019,CHA,CHI12,0.966243654822335,80
2019,CHN,CHI11,0.9306431273644388,81
2019,CIN,CIN09,1.0375180375180375,81
2019,CLE,CLE08,0.9723374827109268,81
2019,COL,DEN02,1.3938584779706276,81
2019,DET,DET05,1.1065645437694542,81
2019,HOU,HOU03,1.082777036048064,81
2019,KCA,KAN06,1.074468085106383,81
2019,LAN,LOS03,0.9047013977128335,81
2019,MIA,MIA02,1.086510263929619,81
2019,MIL,MIL06,0.9755469755469756,81
2019,MIN,MIN04,0.9754959159859976,81
2019,NYA,NYC21,0.8164146868250541,81
2019,NYN,NYC20,0.8910891089108911,81
2019,OAK,OAK01,0.8873762376237623,81
2019,PHI,PHI13,1.0469973890339426,81
2019,PIT,PIT08,1.0036014405762304,81
2019,SDN,SAN02,0.8596713021491783,81
2019,SEA,SEA03,0.9515366430260047,81
2019,SFN,SFO03,0.7980173482032217,81
2019,SLN,STL10,0.9166666666666666,81
2019,TBA,STP01,0.8949468085106383,81
2019,TEX,ARL02,1.2446808510638296,81
2019,TOR,TOR02,1.0313725490196077,81
2019,WAS,WAS11,1.1013157894736842,81
2020,ANA,ANA01,1.2604038414183698,31
2020,ARI,PHO01,1.1203007518796992,30
2020,ATL,ATL03,1.0716612377850163,30
2020,BAL,BAL12,0.9094288611017235,33
2020,BOS,BOS07,1.2282432118821072,31
2020,CHA,CHI12,1.0597014925373134,30
2020,CHN,CHI11,0.7178100709699222,33
2020,CIN,CIN09,1.2817912310812918,29
2020,CLE,CLE08,1.1059907834101383,30
2020,COL,DEN02,1.3969465648854962,30
2020,DET,DET05,0.9185185185185185,27
2020,HOU,HOU03,0.7699611566681053,28
2020,KCA,KAN06,1.0472440944881891,30
2020,LAN,LOS03,0.9379310344827586,30
2020,MIA,MIA02,0.8666817053913828,26
2020,MIL,MIL06,1.0239133306909765,29
2020,MIN,MIN04,0.9125740618828176,31
2020,NYA,NYC21,1.0545454545454547,31
2020,NYN,NYC20,0.9793103448275862,29
2020,OAK,OAK01,0.8020833333333333,32
2020,PHI,PHI13,0.9995659722222221,32
2020,PIT,PIT08,1.0582264957264957,32
2020,SDN,SAN02,0.8566433566433567,32
2020,SEA,SEA03,0.8535211267605634,24
2020,SFN,SFO03,1.0718816067653276,33
2020,SLN,STL10,1.0057777777777777,27
2020,TBA,STP01,0.901583016321021,29
2020,TEX,ARL03,1.0,30
2020,TOR,BUF05,1.2093079334458645,26
2020,WAS,WAS11,0.8018181818181818,33
2021,ANA,ANA01,1.0430299424945468,82
2021,ARI,PHO01,1.0657030223390276,81
2021,ATL,ATL03,1.1093478260869565,80
2021,BAL,BAL12,1.1648793565683646,81
2021,BOS,BOS07,1.2351274787535411,81
2021,CHA,CHI12,1.008415147265077,81
2021,CHN,CHI11,1.066934404283802,81
2021,CIN,CIN09,1.2569343065693432,81
2021,CLE,CLE08,0.9434724091520861,81
2021,COL,DEN02,1.268371546149324,81
2021,DET,DET05,0.8772609819121449,81
2021,HOU,HOU03,0.9830508474576272,81
2021,KCA,KAN06,1.1644640234948607,81
2021,LAN,LOS03,0.9536516853932585,81
2021,MIA,MIA02,0.9300291545189504,81
2021,MIL,MIL06,1.0466165413533837,81
2021,MIN,MIN04,0.9809885931558936,81
2021,NYA,NYC21,0.9742489270386265,81
2021,NYN,NYC20,0.8186889818688983,81
2021,OAK,OAK01,0.8815789473684209,81
2021,PHI,PHI13,0.9615384615384615,81
2021,PIT,PIT08,1.0139664804469275,81
2021,SDN,SAN02,0.9058355437665782,81
2021,SEA,SEA03,0.8621134020618557,81
2021,SFN,SFO03,0.9745762711864407,81
2021,SLN,STL10,0.8203434610303831,81
2021,TBA,STP01,0.7783018867924528,81
2021,TEX,ARL03,0.9672131147540984,81
2021,TOR,TOR02,1.1322175732217574,80
2021,WAS,WAS11,0.9372647427854454,81
2022,ANA,ANA01,1.0755627009646302,81
2022,ARI,PHO01,0.9780521262002743,81
2022,ATL,ATL03,0.9389736477115119,81
2022,BAL,BAL12,0.9912280701754386,81
2022,BOS,BOS07,1.1168289290681503,81
2022,CHA,CHI12,1.1387195121951217,81
2022,CHN,CHI11,0.9251040221914009,81
2022,CIN,CIN09,1.1642011834319526,81
2022,CLE,CLE08,0.9445255474452555,81
2022,COL,DEN02,1.458528951486698,81
2022,DET,DET05,0.997359018176169,82
2022,HOU,HOU03,0.9794952681388013,81
2022,KCA,KAN06,1.0251396648044693,81
2022,LAN,LOS03,1.0606060606060603,81
2022,MIA,MIA02,1.0387722132471728,81
2022,MIL,MIL06,0.9382716049382717,81
2022,MIN,MIN04,0.9140083217753121,81
2022,NYA,NYC21,0.9913043478260869,81
2022,NYN,NYC20,0.8722826086956522,81
2022,OAK,OAK01,0.9597322720694645,80
2022,PHI,PHI13,1.0457142857142858,81
2022,PIT,PIT08,1.0645161290322582,81
2022,SDN,SAN02,0.7889908256880734,81
2022,SEA,SEA03,0.8864942528735631,81
2022,SFN,SFO03,0.9679665738161559,81
2022,SLN,STL10,0.9196185286103543,81
2022,TBA,STP01,0.924812030075188,81
2022,TEX,ARL03,1.0365168539325842,81
2022,TOR,TOR02,0.9648648648648649,81
2022,WAS,WAS11,0.9945280437756497,81
2023,ANA,ANA01,0.9797979797979797,81
2023,ARI,PHO01,0.9395109395109393,81
2023,ATL,ATL03,1.0505548705302097,81
2023,BAL,BAL12,0.8773704171934261,81
2023,BOS,BOS07,1.1322314049586777,81
2023,CHA,CHI12,0.981283422459893,81
2023,CHN,CHI11,1.0532623169107858,81
2023,CIN,CIN09,0.9950248756218906,81
2023,CLE,CLE08,0.8927576601671309,81
2023,COL,DEN02,1.333796940194715,81
2023,DET,DET05,1.106766917293233,81
2023,HOU,HOU03,0.957637997432606,81
2023,KCA,KAN06,1.149859943977591,81
2023,LAN,LOS03,0.8597914252607184,81
2023,MIA,MIA02,1.0577777777777777,81
2023,MIL,MIL06,1.037037037037037,81
2023,MIN,MIN04,1.0154277699859748,81
2023,NYA,NYC21,0.9869565217391303,81
2023,NYN,NYC20,0.9152317880794703,81
2023,OAK,OAK01,0.8933500627352572,81
2023,PHI,PHI13,0.9934036939313983,81
2023,PIT,PIT08,1.0245901639344264,81
2023,SDN,SAN02,0.9151846785225718,81
2023,SEA,SEA03,0.8969210174029452,81
2023,SFN,SFO03,0.837730870712401,81
2023,SLN,STL10,1.0918918918918918,81
2023,TBA,STP01,0.9677419354838709,81
2023,TEX,ARL03,1.1846785225718193,81
2023,TOR,TOR02,0.9020134228187918,81
2023,WAS,WAS11,1.0545212765957446,81
2024,ANA,ANA01,1.028328611898017,81
2024,ARI,PHO01,1.0795031055900621,81
2024,ATL,ATL03,0.9279411764705883,81
2024,BAL,BAL12,0.9539473684210525,81
2024,BOS,BOS07,1.038095238095238,81
2024,CHA,CHI12,0.935483870967742,81
2024,CHN,CHI11,0.7345679012345678,81
2024,CIN,CIN09,1.1463790446841295,81
2024,CLE,CLE08,1.1032429245283017,80
2024,COL,DEN02,1.168236877523553,81
2024,DET,DET05,0.9879879879879881,81
2024,HOU,HOU03,1.050758534661457,81
2024,KCA,KAN06,1.1313755795981453,81
2024,LAN,LOS03,0.9317319848293301,81
2024,MIA,MIA02,1.2879256965944272,81
2024,MIL,MIL06,0.9478021978021978,81
2024,MIN,MIN04,1.0715287517531558,81
2024,NYA,NYC21,1.012211668928087,81
2024,NYN,NYC20,0.9559412550066757,81
2024,OAK,OAK01,0.99009900990099,81
2024,PHI,PHI13,1.012448132780083,81
2024,PIT,PIT08,1.0861812778603268,81
2024,SDN,SAN02,0.9792243767313019,81
2024,SEA,SEA03,0.7770083102493074,81
2024,SFN,SFO03,0.9306518723994454,81
2024,SLN,STL10,0.9646892655367231,81
2024,TBA,STP01,0.9921383647798742,81
2024,TEX,ARL03,0.8454545454545455,81
2024,TOR,TOR02,1.0642335766423359,81
2024,WAS,WAS11,0.9777777777777776,81
2025,ANA,ANA01,1.0295698924731183,81
2025,ARI,PHO01,1.0102040816326532,81
2025,ATH,SAC01,1.1031207598371777,81
2025,ATL,ATL03,0.983673469387755,81
2025,BAL,BAL12,1.0575842696629214,81
2025,BOS,BOS07,0.9918256130790193,81
2025,CHA,CHI12,0.9814550641940086,81
2025,CHN,CHI11,0.983493810178817,81
2025,CIN,CIN09,1.007183908045977,81
2025,CLE,CLE08,1.0,81
2025,COL,DEN02,1.4185351270553064,81
2025,DET,DET05,1.078909612625538,81
2025,HOU,HOU03,0.9722627737226277,81
2025,KCA,KAN06,0.8969072164948453,81
2025,LAN,LOS03,1.1299435028248588,81
2025,MIA,MIA02,0.853628536285363,81
2025,MIL,MIL06,0.9123505976095617,81
2025,MIN,MIN04,1.1244509516837482,81
2025,NYA,NYC21,0.9151061173533084,81
2025,NYN,NYC20,1.0013513513513514,81
2025,PHI,PHI13,1.1540785498489423,81
2025,PIT,PIT08,0.9935064935064934,81
2025,SDN,SAN02,0.9342105263157895,81
2025,SEA,SEA03,0.8181818181818181,81
2025,SFN,SFO03,0.9702127659574468,81
2025,SLN,STL10,0.9112582781456955,81
2025,TBA,TAM02,1.0334788937409025,81
2025,TEX,ARL03,0.8103932584269663,81
2025,TOR,TOR02,1.022636484687084,81
2025,WAS,WAS11,0.9949685534591195,81
